1,What is the absolute value of -15?,15,Absolute Value,easy,fill_in_one,
2,Which angle measures exactly 90 degrees?,Right angle,and Right,easy,multiple_choice,Right angle|Acute angle|Obtuse angle|Straight angle
3,Solve for x: 2x + 5 = 13,4,Algebraic Solving,medium,algebra,
4,Add: 3/4 + 1/8,7/8,Addition and Subtraction Fractions,easy,fill_in_one,
5,What is 47 + 38?,85,Addition Whole Numbers,easy,fill_in_one,
6,Simplify: 3x + 2x - x,4x,Algebraic Simplification,easy,algebra,
7,What type of angle measures more than 90 degrees but less than 180 degrees?,Obtuse,Angles - Obtuse,easy,multiple_choice,Obtuse|Acute|Right|Reflex
8,Find the area of a circle with radius 5 cm. Use π = 3.14,78.5,Area Circle,medium,fill_in_one,
9,Calculate: (-3) + 7,4,Addition and Subtraction Integers,easy,fill_in_one,
10,What is 4.5 + 2.3?,6.8,Addition and Subtraction Positive Decimals,easy,fill_in_one,
11,If two parallel lines are cut by a transversal and corresponding angles are equal what is the measure of angle x if one corresponding angle is 65°?,65°,Angles on Parallel Lines Cut by a Transversal,medium,multiple_choice,65°|115°|25°|90°
12,Find the area of a rectangle with length 8 m and width 5 m,40,Area Rectangle,easy,fill_in_one,
13,What is the area of a triangle with base 6 cm and height 4 cm?,12,Area Triangle,easy,fill_in_one,
14,Find the area of a parallelogram with base 10 cm and height 6 cm,60,Area Parallelogram,medium,fill_in_one,
15,Calculate the area of a trapezoid with bases 8 cm and 12 cm and height 5 cm,50,Area Trapezoid,medium,fill_in_one,
16,What is the greatest common factor of 12 and 18?,6,Greatest Common Factor,easy,multiple_choice,6|3|9|12
17,Solve: 5x - 3 = 2x + 9,4,Equation Solving More Than Two Steps,medium,algebra,
18,What is 15% of 80?,12,Finding Percents,easy,fill_in_one,
19,Find the slope of the line passing through points (2 4) and (6 8),1,Finding Slope from Ordered Pairs,medium,fill_in_one,
20,What is the circumference of a circle with radius 3 cm? Use π = 3.14,18.84,Circumference,medium,fill_in_one,
21,Multiply: 2/3 × 3/4,1/2,Multiplication Fractions,medium,fill_in_one,
22,What is 7 × 8?,56,Multiplication Whole Numbers,easy,fill_in_one,
23,Calculate: (-4) × 3,-12,Multiplication and Division Integers,easy,fill_in_one,
24,What is 2.5 × 1.4?,3.5,Multiplication and Division Positive Decimals,medium,fill_in_one,
25,Divide: 3/4 ÷ 1/2,3/2,Division Fractions,medium,fill_in_one,
26,What is 144 ÷ 12?,12,Division Whole Numbers,easy,fill_in_one,
27,Solve for x: x + 7 = 15,8,Equation Solving Two or Fewer Steps,easy,algebra,
28,Which fraction is equivalent to 2/3?,4/6,Equivalent Fractions,easy,multiple_choice,4/6|3/4|5/8|1/2
29,What is the least common multiple of 4 and 6?,12,Least Common Multiple,easy,multiple_choice,12|8|10|24
30,Convert 0.75 to a fraction,3/4,Conversion of Fraction Decimals Percents,medium,fill_in_one,
31,What is the square root of 49?,7,Square Root,easy,fill_in_one,
32,Simplify: (2x)(3x),6x²,Multiplying Monomials,medium,algebra,
33,What is the value of π (pi) approximately?,3.14159,Definition Pi,easy,multiple_choice,3.14159|2.71828|1.41421|4.66920
34,Apply the distributive property: 3(x + 4),3x + 12,Distributive Property,medium,algebra,
35,What is 2³?,8,Exponent,easy,fill_in_one,
36,Find the mean of: 5 8 12 15,10,Mean,medium,fill_in_one,
37,What is the median of: 3 7 9 11 15?,9,Median,medium,multiple_choice,9|7|11|10
38,Find the mode of: 2 3 3 5 7 3,3,Mode,easy,fill_in_one,
39,What is the range of: 4 8 12 16 20?,16,Range,easy,fill_in_one,
40,What percent is 25 out of 100?,25%,Percents,easy,fill_in_one,
41,Find the perimeter of a rectangle with length 6 cm and width 4 cm,20,Perimeter of a Polygon,easy,fill_in_one,
42,What is 3 × 3 × 3 written in exponential form?,3³,Exponents,easy,multiple_choice,3³|9|27|3×3
43,Factor: x² + 5x + 6,(x + 2)(x + 3),Factoring Trinomials,hard,algebra,
44,Combine like terms: 5x + 3y - 2x + y,3x + 4y,Combining Like Terms,medium,algebra,
45,What property does a + b = b + a represent?,Commutative Property,Commutative Property,easy,multiple_choice,Commutative Property|Associative Property|Distributive Property|Identity Property
46,If two angles are complementary and one measures 35° what is the measure of the other?,55°,Complementary and Supplementary Angles,medium,fill_in_one,
47,Order from least to greatest: 1/2 1/3 3/4,1/3 1/2 3/4,Ordering Fractions,medium,fill_in_one,
48,Order from least to greatest: -5 -2 0 3,-5 -2 0 3,Ordering Integers,easy,fill_in_one,
49,Order from least to greatest: 0.3 0.15 0.8,0.15 0.3 0.8,Ordering Positive Decimals,medium,fill_in_one,
50,What is the coefficient in the term 7x?,7,Coefficient,easy,fill_in_one,
51,How many ways can you arrange 3 books on a shelf?,6,Combinatorics,medium,multiple_choice,6|3|9|12
52,Calculate: 2 + 3 × 4,14,Order of Operations +,medium,fill_in_one,
53,Calculate: (2 + 3) × 4 - 1,19,Order of Operations All,medium,fill_in_one,
54,What is the interior angle sum of a triangle?,180°,Interior Angles Triangle,easy,fill_in_one,
55,Is 17 a prime number?,Yes,Prime Number,easy,multiple_choice,Yes|No
56,What is the probability of rolling a 3 on a standard die?,1/6,Probability of a Single Event,medium,fill_in_one,
57,Solve the proportion: 2/3 = x/9,6,Proportion,medium,algebra,
58,Use the Pythagorean theorem to find the hypotenuse of a right triangle with legs 3 and 4,5,Pythagorean Theorem,medium,fill_in_one,
59,Solve: x² - 5x + 6 = 0,2 or 3,Quadratic Equation Solving,hard,algebra,
60,What is the rate if 120 miles are traveled in 2 hours?,60 mph,Rate,easy,fill_in_one,
61,Convert 2 feet to inches,24,Unit Conversion Within a System,easy,fill_in_one,
62,What is the unit rate for 150 miles in 3 hours?,50 mph,Unit Rate,medium,fill_in_one,
63,In the expression 5x + 3 what is the variable?,x,Variable,easy,multiple_choice,x|5|3|+
64,What is the volume of a rectangular prism with length 4 width 3 and height 2?,24,Volume Rectangular Prism,medium,fill_in_one,
65,Find the volume of a cylinder with radius 2 and height 5. Use π = 3.14,62.8,Volume Cylinder,hard,fill_in_one,
66,What is the volume of a sphere with radius 3? Use π = 3.14,113.04,Volume Sphere,hard,fill_in_one,
67,Calculate the surface area of a rectangular prism with dimensions 2×3×4,52,Surface Area Rectangular Prism,hard,fill_in_one,
68,What is 15 - 9?,6,Subtraction Whole Numbers,easy,fill_in_one,
69,Substitute x = 3 into 2x + 5,11,Substitution,easy,fill_in_one,
70,What does the term "monomial" mean?,A polynomial with one term,Monomial,easy,multiple_choice,A polynomial with one term|A polynomial with two terms|A polynomial with three terms|A polynomial with many terms
71,Find the slope of the line y = 2x + 3,2,Finding Slope From Equation,medium,fill_in_one,
72,What is the y-intercept of y = 3x - 4?,-4,Finding y-intercept from Linear Equation,medium,fill_in_one,
73,Estimate 47 × 21 to the nearest hundred,1000,Estimation,easy,fill_in_one,
74,Write 3456 in expanded form,3000 + 400 + 50 + 6,Expanded,easy,fill_in_one,
75,A shirt costs $40. If there's a 25% discount what's the sale price?,$30,Percent Discount,medium,fill_in_one,
76,If a population increases from 100 to 120 what's the percent increase?,20%,Percent Increase or Decrease,medium,fill_in_one,
77,What is 3/5 of 25?,15,Fraction Of,medium,fill_in_one,
78,What is 30% of 50?,15,Percent Of,easy,fill_in_one,
79,Is 24 divisible by 3?,Yes,Divisibility Rules,easy,multiple_choice,Yes|No
80,What is the absolute value of -7.5?,7.5,Absolute Value,easy,fill_in_one,
81,Solve: 3x + 7 = 22,5,Algebraic Solving,medium,algebra,
82,Add: 2/5 + 1/10,1/2,Addition and Subtraction Fractions,medium,fill_in_one,
83,What is 156 + 87?,243,Addition Whole Numbers,easy,fill_in_one,
84,Simplify: 4a - 2a + 3a,5a,Algebraic Simplification,medium,algebra,
85,What type of angle measures exactly 90 degrees?,Right,and Right,easy,multiple_choice,Right|Acute|Obtuse|Straight
86,Find the area of a circle with diameter 8 cm. Use π = 3.14,50.24,Area Circle,hard,fill_in_one,
87,Calculate: 8 + (-12),-4,Addition and Subtraction Integers,medium,fill_in_one,
88,What is 7.2 + 1.9?,9.1,Addition and Subtraction Positive Decimals,easy,fill_in_one,
89,If alternate interior angles are equal when parallel lines are cut by a transversal and one angle is 110° what is its alternate interior angle?,110°,Angles on Parallel Lines Cut by a Transversal,medium,fill_in_one,
90,Find the area of a rectangle with length 12 ft and width 7 ft,84,Area Rectangle,easy,fill_in_one,
91,What is the area of a triangle with base 10 m and height 8 m?,40,Area Triangle,medium,fill_in_one,
92,Find the area of a parallelogram with base 15 cm and height 9 cm,135,Area Parallelogram,medium,fill_in_one,
93,Calculate the area of a trapezoid with bases 6 m and 14 m and height 8 m,80,Area Trapezoid,hard,fill_in_one,
94,What is the greatest common factor of 20 and 30?,10,Greatest Common Factor,medium,multiple_choice,10|5|15|20
95,Solve: 4x + 1 = 3x + 8,7,Equation Solving More Than Two Steps,medium,algebra,
96,What is 12% of 150?,18,Finding Percents,medium,fill_in_one,
97,Find the slope of the line passing through points (1 2) and (5 10),2,Finding Slope from Ordered Pairs,medium,fill_in_one,
98,What is the circumference of a circle with diameter 10 cm? Use π = 3.14,31.4,Circumference,medium,fill_in_one,
99,Multiply: 3/5 × 2/7,6/35,Multiplication Fractions,hard,fill_in_one,
100,What is 9 × 12?,108,Multiplication Whole Numbers,easy,fill_in_one,
101,Calculate: (-6) × (-5),30,Multiplication and Division Integers,medium,fill_in_one,
102,What is 3.2 × 2.5?,8,Multiplication and Division Positive Decimals,medium,fill_in_one,
103,Divide: 2/3 ÷ 4/9,3/2,Division Fractions,hard,fill_in_one,
104,What is 156 ÷ 13?,12,Division Whole Numbers,medium,fill_in_one,
105,Solve for y: y - 4 = 11,15,Equation Solving Two or Fewer Steps,easy,algebra,
106,Which fraction is equivalent to 3/4?,6/8,Equivalent Fractions,easy,multiple_choice,6/8|2/3|4/5|5/6
107,What is the least common multiple of 8 and 12?,24,Least Common Multiple,medium,multiple_choice,24|20|16|96
108,Convert 3/8 to a decimal,0.375,Conversion of Fraction Decimals Percents,medium,fill_in_one,
109,What is the square root of 64?,8,Square Root,easy,fill_in_one,
110,Simplify: (4y)(2y),8y²,Multiplying Monomials,medium,algebra,
111,What is the approximate value of π?,3.14,Definition Pi,easy,multiple_choice,3.14|2.71|1.41|4.67
112,Apply the distributive property: 5(2x - 3),10x - 15,Distributive Property,medium,algebra,
113,What is 4²?,16,Exponent,easy,fill_in_one,
114,Find the mean of: 10 15 20 25,17.5,Mean,medium,fill_in_one,
115,What is the median of: 2 4 6 8 10 12?,7,Median,medium,multiple_choice,7|6|8|9
116,Find the mode of: 5 7 5 9 5 8,5,Mode,easy,fill_in_one,
117,What is the range of: 12 18 25 31 40?,28,Range,medium,fill_in_one,
118,What percent is 18 out of 72?,25%,Percents,medium,fill_in_one,
119,Find the perimeter of a square with side length 8 cm,32,Perimeter of a Polygon,easy,fill_in_one,
120,What is 5⁴ in standard form?,625,Exponents,medium,multiple_choice,625|125|25|20
121,Factor: x² - 7x + 12,(x - 3)(x - 4),Factoring Trinomials,hard,algebra,
122,Combine like terms: 8m - 3n + 2m - 5n,10m - 8n,Combining Like Terms,medium,algebra,
123,What property does (a + b) + c = a + (b + c) represent?,Associative Property,Commutative Property,medium,multiple_choice,Associative Property|Commutative Property|Distributive Property|Identity Property
124,If two angles are supplementary and one measures 130° what is the measure of the other?,50°,Complementary and Supplementary Angles,medium,fill_in_one,
125,Order from least to greatest: 2/3 3/5 5/8,3/5 5/8 2/3,Ordering Fractions,hard,fill_in_one,
126,Order from least to greatest: -8 -3 -10 1,-10 -8 -3 1,Ordering Integers,medium,fill_in_one,
127,Order from least to greatest: 0.45 0.4 0.405,0.4 0.405 0.45,Ordering Positive Decimals,hard,fill_in_one,
128,What is the coefficient in the term -3y²?,-3,Coefficient,medium,fill_in_one,
129,In how many ways can 4 students be arranged in a line?,24,Combinatorics,hard,multiple_choice,24|12|16|4
130,Calculate: 12 ÷ 3 + 2 × 5,14,Order of Operations +,medium,fill_in_one,
131,Calculate: 4² - 2 × (3 + 5),0,Order of Operations All,hard,fill_in_one,
132,What is the sum of interior angles of a quadrilateral?,360°,Interior Angles Figures with More than 3 Sides,medium,fill_in_one,
133,Is 21 a prime number?,No,Prime Number,medium,multiple_choice,No|Yes
134,What is the probability of rolling an even number on a standard die?,1/2,Probability of a Single Event,medium,fill_in_one,
135,Solve the proportion: 5/8 = x/24,15,Proportion,medium,algebra,
136,Find the missing side of a right triangle with legs 5 and 12,13,Pythagorean Theorem,medium,fill_in_one,
137,Solve: x² + 4x - 5 = 0,1 or -5,Quadratic Equation Solving,hard,algebra,
138,What is the rate if 300 miles are traveled in 5 hours?,60 mph,Rate,easy,fill_in_one,
139,Convert 3 yards to feet,9,Unit Conversion Within a System,easy,fill_in_one,
140,What is the unit rate for 240 pages in 8 hours?,30 pages/hour,Unit Rate,medium,fill_in_one,
141,In the expression 7a - 2b what are the variables?,a and b,Variable,medium,multiple_choice,a and b|7 and 2|a and 7|b and 2
142,What is the volume of a cube with side length 4?,64,Volume Rectangular Prism,medium,fill_in_one,
143,Find the volume of a cylinder with radius 3 and height 8. Use π = 3.14,226.08,Volume Cylinder,hard,fill_in_one,
144,What is the volume of a sphere with radius 4? Use π = 3.14,267.95,Volume Sphere,hard,fill_in_one,
145,Calculate the surface area of a cube with side length 5,150,Surface Area Rectangular Prism,hard,fill_in_one,
146,What is 23 - 17?,6,Subtraction Whole Numbers,easy,fill_in_one,
147,Substitute a = 4 into 3a - 7,5,Substitution,easy,fill_in_one,
148,What does the term "binomial" mean?,A polynomial with two terms,Monomial,medium,multiple_choice,A polynomial with two terms|A polynomial with one term|A polynomial with three terms|A polynomial with four terms
149,Find the slope of the line y = -3x + 7,-3,Finding Slope From Equation,medium,fill_in_one,
150,What is the y-intercept of y = 2x + 8?,8,Finding y-intercept from Linear Equation,easy,fill_in_one,
151,Estimate 198 + 304 to the nearest hundred,500,Estimation,easy,fill_in_one,
152,Write 5207 in expanded form,5000 + 200 + 7,Expanded,easy,fill_in_one,
153,A book costs $25. If there's a 20% discount what's the sale price?,$20,Percent Discount,medium,fill_in_one,
154,If a price decreases from 80 to 64 what's the percent decrease?,20%,Percent Increase or Decrease,medium,fill_in_one,
155,What is 2/3 of 18?,12,Fraction Of,medium,fill_in_one,
156,What is 45% of 60?,27,Percent Of,medium,fill_in_one,
157,Is 35 divisible by 7?,Yes,Divisibility Rules,easy,multiple_choice,Yes|No
158,What is the absolute value of 0?,0,Absolute Value,easy,fill_in_one,
159,Solve: 2x - 3 = 11,7,Algebraic Solving,medium,algebra,
160,Add: 3/8 + 1/4,5/8,Addition and Subtraction Fractions,medium,fill_in_one,
161,What is 234 + 167?,401,Addition Whole Numbers,easy,fill_in_one,
162,Simplify: 6p + 3p - 4p,5p,Algebraic Simplification,medium,algebra,
163,What type of angle measures less than 90 degrees?,Acute,Acute,easy,multiple_choice,Acute|Right|Obtuse|Straight
164,Find the area of a circle with radius 7 cm. Use π = 3.14,153.86,Area Circle,hard,fill_in_one,
165,Calculate: (-9) + 15,6,Addition and Subtraction Integers,medium,fill_in_one,
166,What is 5.7 + 3.8?,9.5,Addition and Subtraction Positive Decimals,easy,fill_in_one,
167,When parallel lines are cut by a transversal corresponding angles are what?,Equal,Angles on Parallel Lines Cut by a Transversal,easy,multiple_choice,Equal|Supplementary|Complementary|Different
168,Find the area of a rectangle with length 15 m and width 9 m,135,Area Rectangle,medium,fill_in_one,
169,What is the area of a triangle with base 14 cm and height 6 cm?,42,Area Triangle,medium,fill_in_one,
170,Find the area of a parallelogram with base 18 ft and height 12 ft,216,Area Parallelogram,hard,fill_in_one,
171,Calculate the area of a trapezoid with bases 10 cm and 16 cm and height 7 cm,91,Area Trapezoid,hard,fill_in_one,
172,What is the greatest common factor of 24 and 36?,12,Greatest Common Factor,medium,multiple_choice,12|6|8|18
173,Solve: 6x - 2 = 4x + 10,6,Equation Solving More Than Two Steps,medium,algebra,
174,What is 8% of 200?,16,Finding Percents,easy,fill_in_one,
175,Find the slope of the line passing through points (0 3) and (4 11),2,Finding Slope from Ordered Pairs,medium,fill_in_one,
176,What is the circumference of a circle with radius 6 cm? Use π = 3.14,37.68,Circumference,medium,fill_in_one,
177,Multiply: 4/7 × 3/8,3/14,Multiplication Fractions,hard,fill_in_one,
178,What is 15 × 7?,105,Multiplication Whole Numbers,easy,fill_in_one,
179,Calculate: 8 × (-3),-24,Multiplication and Division Integers,medium,fill_in_one,
180,What is 1.6 × 4.5?,7.2,Multiplication and Division Positive Decimals,medium,fill_in_one,
181,Divide: 5/6 ÷ 2/3,5/4,Division Fractions,hard,fill_in_one,
182,What is 168 ÷ 14?,12,Division Whole Numbers,medium,fill_in_one,
183,Solve for z: z + 12 = 20,8,Equation Solving Two or Fewer Steps,easy,algebra,
184,Which fraction is equivalent to 4/5?,16/20,Equivalent Fractions,medium,multiple_choice,16/20|3/4|5/6|7/8
185,What is the least common multiple of 6 and 9?,18,Least Common Multiple,medium,multiple_choice,18|12|15|54
186,Convert 0.6 to a fraction,3/5,Conversion of Fraction Decimals Percents,medium,fill_in_one,
187,What is the square root of 100?,10,Square Root,easy,fill_in_one,
188,Simplify: (3a)(5a),15a²,Multiplying Monomials,medium,algebra,
189,Pi represents the ratio of what to what in a circle?,Circumference to diameter,Definition Pi,medium,multiple_choice,Circumference to diameter|Area to radius|Diameter to radius|Radius to circumference
190,Apply the distributive property: 4(x + 2y),4x + 8y,Distributive Property,medium,algebra,
191,What is 3⁴?,81,Exponent,medium,fill_in_one,
192,Find the mean of: 6 9 12 15 18,12,Mean,medium,fill_in_one,
193,What is the median of: 1 3 5 7 9?,5,Median,easy,multiple_choice,5|3|7|6
194,Find the mode of: 4 6 4 8 4 9,4,Mode,easy,fill_in_one,
195,What is the range of: 25 30 35 40 45?,20,Range,medium,fill_in_one,
196,Express 3/4 as a percent,75%,Percents,medium,fill_in_one,
197,Find the perimeter of a triangle with sides 5 cm 7 cm and 9 cm,21,Perimeter of a Polygon,easy,fill_in_one,
198,What is 2⁶?,64,Exponents,medium,multiple_choice,64|32|12|48
199,Factor: x² - 9,(x + 3)(x - 3),Factoring Trinomials,hard,algebra,
200,Combine like terms: 7x + 2y - 3x + 4y,4x + 6y,Combining Like Terms,medium,algebra,
201,What property allows us to write 5 × 1 = 5?,Identity Property,Commutative Property,medium,multiple_choice,Identity Property|Commutative Property|Associative Property|Distributive Property
202,Two angles are complementary. If one is 42° what is the other?,48°,Complementary and Supplementary Angles,medium,fill_in_one,
203,Order from least to greatest: 4/5 7/10 3/4,7/10 3/4 4/5,Ordering Fractions,hard,fill_in_one,
204,Order from least to greatest: 0 -5 3 -2,-5 -2 0 3,Ordering Integers,medium,fill_in_one,
205,Order from least to greatest: 0.07 0.7 0.007,0.007 0.07 0.7,Ordering Positive Decimals,medium,fill_in_one,
206,What is the coefficient in the term 9ab?,9,Coefficient,easy,fill_in_one,
207,How many different ways can you choose 2 items from 5 items?,10,Combinatorics,hard,multiple_choice,10|5|8|15
208,Calculate: 18 - 6 ÷ 2,15,Order of Operations +,medium,fill_in_one,
209,Calculate: 3 × (8 - 2) + 4²,34,Order of Operations All,hard,fill_in_one,
210,What is the sum of interior angles of a hexagon?,720°,Interior Angles Figures with More than 3 Sides,hard,fill_in_one,
211,Is 29 a prime number?,Yes,Prime Number,medium,multiple_choice,Yes|No
212,What is the probability of getting heads or tails when flipping a coin?,1,Probability of a Single Event,easy,fill_in_one,
213,Solve the proportion: 3/4 = 9/x,12,Proportion,medium,algebra,
214,Find the hypotenuse of a right triangle with legs 8 and 15,17,Pythagorean Theorem,hard,fill_in_one,
215,Solve: x² - 6x + 8 = 0,2 or 4,Quadratic Equation Solving,hard,algebra,
216,If 400 kilometers are traveled in 4 hours what is the rate?,100 km/h,Rate,easy,fill_in_one,
217,Convert 48 inches to feet,4,Unit Conversion Within a System,easy,fill_in_one,
218,What is the unit rate for $15 for 3 pounds?,$5 per pound,Unit Rate,easy,fill_in_one,
219,In 4x² - 3x + 7 what is the variable?,x,Variable,easy,multiple_choice,x|4|3|7
220,What is the volume of a rectangular prism with dimensions 5×4×3?,60,Volume Rectangular Prism,medium,fill_in_one,
221,Find the volume of a cylinder with radius 4 and height 6. Use π = 3.14,301.44,Volume Cylinder,hard,fill_in_one,
222,What is the volume of a sphere with radius 5? Use π = 3.14,523.33,Volume Sphere,hard,fill_in_one,
223,Calculate the surface area of a rectangular prism with dimensions 3×4×5,94,Surface Area Rectangular Prism,hard,fill_in_one,
224,What is 45 - 28?,17,Subtraction Whole Numbers,easy,fill_in_one,
225,Substitute b = 6 into 2b + 9,21,Substitution,easy,fill_in_one,
226,What does the term "trinomial" mean?,A polynomial with three terms,Monomial,medium,multiple_choice,A polynomial with three terms|A polynomial with two terms|A polynomial with one term|A polynomial with four terms
227,Find the slope of the line y = 4x - 1,4,Finding Slope From Equation,easy,fill_in_one,
228,What is the y-intercept of y = -2x + 5?,5,Finding y-intercept from Linear Equation,easy,fill_in_one,
229,Estimate 89 × 31 to the nearest thousand,3000,Estimation,medium,fill_in_one,
230,Write 8043 in expanded form,8000 + 40 + 3,Expanded,easy,fill_in_one,
231,A jacket costs $80. With a 15% discount what's the sale price?,$68,Percent Discount,medium,fill_in_one,
232,If enrollment increases from 200 to 250 what's the percent increase?,25%,Percent Increase or Decrease,medium,fill_in_one,
233,What is 3/4 of 32?,24,Fraction Of,medium,fill_in_one,
234,What is 60% of 35?,21,Percent Of,medium,fill_in_one,
235,Is 42 divisible by 6?,Yes,Divisibility Rules,easy,multiple_choice,Yes|No
236,What is the absolute value of -12.3?,12.3,Absolute Value,easy,fill_in_one,
237,Solve: 5x + 4 = 24,4,Algebraic Solving,medium,algebra,
238,Add: 5/6 + 1/3,7/6,Addition and Subtraction Fractions,medium,fill_in_one,
239,What is 345 + 278?,623,Addition Whole Numbers,medium,fill_in_one,
240,Simplify: 9t - 4t + 2t,7t,Algebraic Simplification,medium,algebra,
241,An angle that measures 180 degrees is called what?,Straight,and Right,medium,multiple_choice,Straight|Right|Obtuse|Reflex
242,Find the area of a circle with radius 4 m. Use π = 3.14,50.24,Area Circle,medium,fill_in_one,
243,Calculate: 6 + (-14),-8,Addition and Subtraction Integers,medium,fill_in_one,
244,What is 8.4 + 2.7?,11.1,Addition and Subtraction Positive Decimals,easy,fill_in_one,
245,If parallel lines are cut by a transversal alternate exterior angles are what?,Equal,Angles on Parallel Lines Cut by a Transversal,medium,multiple_choice,Equal|Supplementary|Complementary|Unequal
246,Find the area of a rectangle with length 20 cm and width 8 cm,160,Area Rectangle,medium,fill_in_one,
247,What is the area of a triangle with base 16 m and height 9 m?,72,Area Triangle,medium,fill_in_one,
248,Find the area of a parallelogram with base 14 cm and height 11 cm,154,Area Parallelogram,medium,fill_in_one,
249,Calculate the area of a trapezoid with bases 12 ft and 18 ft and height 10 ft,150,Area Trapezoid,hard,fill_in_one,
250,What is the greatest common factor of 28 and 42?,14,Greatest Common Factor,medium,multiple_choice,14|7|21|28
251,Solve: 7x + 3 = 5x + 17,7,Equation Solving More Than Two Steps,medium,algebra,
252,What is 25% of 120?,30,Finding Percents,medium,fill_in_one,
253,Find the slope of the line passing through points (2 1) and (8 7),1,Finding Slope from Ordered Pairs,medium,fill_in_one,
254,What is the circumference of a circle with diameter 14 cm? Use π = 3.14,43.96,Circumference,medium,fill_in_one,
255,Multiply: 2/9 × 3/4,1/6,Multiplication Fractions,hard,fill_in_one,
256,What is 13 × 11?,143,Multiplication Whole Numbers,medium,fill_in_one,
257,Calculate: (-7) × (-4),28,Multiplication and Division Integers,medium,fill_in_one,
258,What is 2.8 × 1.5?,4.2,Multiplication and Division Positive Decimals,medium,fill_in_one,
259,Divide: 3/5 ÷ 9/10,2/3,Division Fractions,hard,fill_in_one,
260,What is 195 ÷ 15?,13,Division Whole Numbers,medium,fill_in_one,
261,Solve for w: w - 8 = 12,20,Equation Solving Two or Fewer Steps,easy,algebra,
262,Which fraction is equivalent to 5/6?,10/12,Equivalent Fractions,medium,multiple_choice,10/12|4/5|7/8|3/4
263,What is the least common multiple of 10 and 15?,30,Least Common Multiple,medium,multiple_choice,30|25|20|150
264,Convert 7/8 to a decimal,0.875,Conversion of Fraction Decimals Percents,hard,fill_in_one,
265,What is the square root of 81?,9,Square Root,easy,fill_in_one,
266,Simplify: (6x)(3x),18x²,Multiplying Monomials,medium,algebra,
267,In a circle what is the relationship between radius and diameter?,Diameter is twice the radius,Definition Pi,medium,multiple_choice,Diameter is twice the radius|Radius is twice the diameter|They are equal|Radius is half the circumference
268,Apply the distributive property: 6(2a - 5),12a - 30,Distributive Property,medium,algebra,
269,What is 5³?,125,Exponent,medium,fill_in_one,
270,Find the mean of: 14 18 22 26 30,22,Mean,medium,fill_in_one,
271,What is the median of: 4 8 12 16 20 24?,14,Median,medium,multiple_choice,14|12|16|18
272,Find the mode of: 3 5 7 3 9 3 11,3,Mode,easy,fill_in_one,
273,What is the range of: 15 22 28 35 41?,26,Range,medium,fill_in_one,
274,Express 2/5 as a percent,40%,Percents,medium,fill_in_one,
275,Find the perimeter of a pentagon with all sides equal to 6 cm,30,Perimeter of a Polygon,medium,fill_in_one,
276,What is 10³?,1000,Exponents,medium,multiple_choice,1000|100|30|300
277,Factor: x² + 8x + 15,(x + 3)(x + 5),Factoring Trinomials,hard,algebra,
278,Combine like terms: 12a - 5b + 3a - 2b,15a - 7b,Combining Like Terms,medium,algebra,
279,What property is shown by a × 0 = 0?,Zero Property,Commutative Property,medium,multiple_choice,Zero Property|Identity Property|Commutative Property|Distributive Property
280,If two angles are supplementary and one is 75° what is the other?,105°,Complementary and Supplementary Angles,medium,fill_in_one,
281,Order from least to greatest: 5/8 3/5 2/3,3/5 5/8 2/3,Ordering Fractions,hard,fill_in_one,
282,Order from least to greatest: 7 -4 0 -1,-4 -1 0 7,Ordering Integers,medium,fill_in_one,
283,Order from least to greatest: 0.25 0.205 0.3,0.205 0.25 0.3,Ordering Positive Decimals,hard,fill_in_one,
284,What is the coefficient in the term -8m²?,-8,Coefficient,medium,fill_in_one,
285,In how many ways can you arrange the letters A B C?,6,Combinatorics,medium,multiple_choice,6|3|9|12
286,Calculate: 20 ÷ 4 + 3 × 2,11,Order of Operations +,medium,fill_in_one,
287,Calculate: 5² - (12 - 7) × 3,10,Order of Operations All,hard,fill_in_one,
288,What is the sum of interior angles of a pentagon?,540°,Interior Angles Figures with More than 3 Sides,hard,fill_in_one,
289,Is 31 a prime number?,Yes,Prime Number,medium,multiple_choice,Yes|No
290,What is the probability of rolling a number less than 4 on a standard die?,1/2,Probability of a Single Event,medium,fill_in_one,
291,Solve the proportion: 7/10 = x/30,21,Proportion,medium,algebra,
292,Find the missing leg of a right triangle with hypotenuse 13 and one leg 5,12,Pythagorean Theorem,hard,fill_in_one,
293,Solve: x² + 2x - 8 = 0,2 or -4,Quadratic Equation Solving,hard,algebra,
294,What is the rate for 150 pages in 3 hours?,50 pages/hour,Rate,easy,fill_in_one,
295,Convert 2 meters to centimeters,200,Unit Conversion Within a System,easy,fill_in_one,
296,What is the unit rate for 12 apples for $3?,25 cents per apple,Unit Rate,medium,fill_in_one,
297,In the expression 3x² + 5x - 2 what is the leading term?,3x²,Variable,medium,multiple_choice,3x²|5x|3|-2
298,What is the volume of a rectangular prism with length 6 width 5 and height 4?,120,Volume Rectangular Prism,medium,fill_in_one,
299,Find the volume of a cylinder with radius 5 and height 4. Use π = 3.14,314,Volume Cylinder,hard,fill_in_one,
300,What is the volume of a sphere with radius 6? Use π = 3.14,904.32,Volume Sphere,hard,fill_in_one,
301,Calculate the surface area of a rectangular prism with dimensions 4×6×8,208,Surface Area Rectangular Prism,hard,fill_in_one,
302,What is 72 - 35?,37,Subtraction Whole Numbers,easy,fill_in_one,
303,Substitute c = 5 into 4c - 11,9,Substitution,easy,fill_in_one,
304,A polynomial with four terms is called what?,Quadrinomial,Monomial,hard,multiple_choice,Quadrinomial|Trinomial|Binomial|Monomial
305,Find the slope of the line y = -x + 6,-1,Finding Slope From Equation,medium,fill_in_one,
306,What is the y-intercept of y = 3x - 9?,-9,Finding y-intercept from Linear Equation,medium,fill_in_one,
307,Estimate 47 + 38 + 52 to the nearest ten,140,Estimation,easy,fill_in_one,
308,Write 6025 in expanded form,6000 + 20 + 5,Expanded,easy,fill_in_one,
309,A game costs $60. With a 30% discount what's the sale price?,$42,Percent Discount,medium,fill_in_one,
310,If a value decreases from 150 to 120 what's the percent decrease?,20%,Percent Increase or Decrease,medium,fill_in_one,
311,What is 5/8 of 40?,25,Fraction Of,medium,fill_in_one,
312,What is 35% of 80?,28,Percent Of,medium,fill_in_one,
313,Is 54 divisible by 9?,Yes,Divisibility Rules,medium,multiple_choice,Yes|No
314,What is the absolute value of -25?,25,Absolute Value,easy,fill_in_one,
315,Solve: 3x - 7 = 14,7,Algebraic Solving,medium,algebra,
316,Add: 2/3 + 5/12,3/4,Addition and Subtraction Fractions,hard,fill_in_one,
317,What is 456 + 387?,843,Addition Whole Numbers,medium,fill_in_one,
318,Simplify: 8k + 3k - 5k,6k,Algebraic Simplification,medium,algebra,
319,What type of angle measures more than 180 degrees?,Reflex,Acute,hard,multiple_choice,Reflex|Obtuse|Right|Straight
320,Find the area of a circle with diameter 12 cm. Use π = 3.14,113.04,Area Circle,hard,fill_in_one,
321,Calculate: (-11) + 7,-4,Addition and Subtraction Integers,medium,fill_in_one,
322,What is 6.8 + 4.5?,11.3,Addition and Subtraction Positive Decimals,easy,fill_in_one,
323,When two parallel lines are cut by a transversal co-interior angles are what?,Supplementary,Angles on Parallel Lines Cut by a Transversal,hard,multiple_choice,Supplementary|Equal|Complementary|Vertical
324,Find the area of a rectangle with length 25 m and width 12 m,300,Area Rectangle,medium,fill_in_one,
325,What is the area of a triangle with base 20 cm and height 15 cm?,150,Area Triangle,medium,fill_in_one,
326,Find the area of a parallelogram with base 22 ft and height 8 ft,176,Area Parallelogram,medium,fill_in_one,
327,Calculate the area of a trapezoid with bases 14 m and 22 m and height 9 m,162,Area Trapezoid,hard,fill_in_one,
328,What is the greatest common factor of 32 and 48?,16,Greatest Common Factor,hard,multiple_choice,16|8|12|24
329,Solve: 8x - 5 = 3x + 20,5,Equation Solving More Than Two Steps,medium,algebra,
330,What is 15% of 240?,36,Finding Percents,medium,fill_in_one,
331,Find the slope of the line passing through points (3 4) and (7 12),2,Finding Slope from Ordered Pairs,medium,fill_in_one,
332,What is the circumference of a circle with radius 8 cm? Use π = 3.14,50.24,Circumference,medium,fill_in_one,
333,Multiply: 5/8 × 4/15,1/6,Multiplication Fractions,hard,fill_in_one,
334,What is 16 × 9?,144,Multiplication Whole Numbers,medium,fill_in_one,
335,Calculate: 9 × (-6),-54,Multiplication and Division Integers,medium,fill_in_one,
336,What is 3.6 × 2.2?,7.92,Multiplication and Division Positive Decimals,hard,fill_in_one,
337,Divide: 7/8 ÷ 1/4,7/2,Division Fractions,hard,fill_in_one,
338,What is 224 ÷ 16?,14,Division Whole Numbers,medium,fill_in_one,
339,Solve for v: v + 15 = 23,8,Equation Solving Two or Fewer Steps,easy,algebra,
340,Which fraction is equivalent to 6/9?,2/3,Equivalent Fractions,medium,multiple_choice,2/3|3/4|4/5|5/7
341,What is the least common multiple of 12 and 18?,36,Least Common Multiple,hard,multiple_choice,36|30|24|216
342,Convert 5/8 to a decimal,0.625,Conversion of Fraction Decimals Percents,hard,fill_in_one,
343,What is the square root of 121?,11,Square Root,easy,fill_in_one,
344,Simplify: (7y)(4y),28y²,Multiplying Monomials,medium,algebra,
345,What is the formula for the area of a circle?,πr²,Definition Pi,hard,multiple_choice,πr²|2πr|πd|r²
346,Apply the distributive property: 7(3x + 4),21x + 28,Distributive Property,medium,algebra,
347,What is 6²?,36,Exponent,easy,fill_in_one,
348,Find the mean of: 8 12 16 20 24,16,Mean,medium,fill_in_one,
349,What is the median of: 5 10 15 20 25 30?,17.5,Median,hard,multiple_choice,17.5|15|20|18
350,Find the mode of: 6 8 6 10 6 12,6,Mode,easy,fill_in_one,
351,What is the range of: 18 25 32 39 46?,28,Range,medium,fill_in_one,
352,Express 7/10 as a percent,70%,Percents,easy,fill_in_one,
353,Find the perimeter of a hexagon with all sides equal to 4 cm,24,Perimeter of a Polygon,medium,fill_in_one,
354,What is 7²?,49,Exponents,easy,multiple_choice,49|14|21|35
355,Factor: x² - 16,(x + 4)(x - 4),Factoring Trinomials,hard,algebra,
356,Combine like terms: 10x + 6y - 4x + 2y,6x + 8y,Combining Like Terms,medium,algebra,
357,What property is shown by 8 + 0 = 8?,Identity Property,Commutative Property,medium,multiple_choice,Identity Property|Zero Property|Commutative Property|Associative Property
358,Two angles are complementary. If one is 67° what is the other?,23°,Complementary and Supplementary Angles,medium,fill_in_one,
359,Order from least to greatest: 7/12 1/2 5/8,1/2 7/12 5/8,Ordering Fractions,hard,fill_in_one,
360,Order from least to greatest: -6 4 -2 1,-6 -2 1 4,Ordering Integers,medium,fill_in_one,
361,Order from least to greatest: 0.9 0.09 0.009,0.009 0.09 0.9,Ordering Positive Decimals,medium,fill_in_one,
362,What is the coefficient in the term 15xyz?,15,Coefficient,medium,fill_in_one,
363,How many different 3-letter arrangements can be made from the letters A B C D E?,60,Combinatorics,hard,multiple_choice,60|15|20|120
364,Calculate: 15 + 8 ÷ 4,17,Order of Operations +,medium,fill_in_one,
365,Calculate: 6 × 4 - 3 × (2 + 6),0,Order of Operations All,hard,fill_in_one,
366,What is the sum of interior angles of an octagon?,1080°,Interior Angles Figures with More than 3 Sides,hard,fill_in_one,
367,Is 39 a prime number?,No,Prime Number,medium,multiple_choice,No|Yes
368,What is the probability of drawing a red card from a standard deck?,1/2,Probability of a Single Event,medium,fill_in_one,
369,Solve the proportion: 4/9 = 8/x,18,Proportion,medium,algebra,
370,Find the hypotenuse of a right triangle with legs 9 and 12,15,Pythagorean Theorem,hard,fill_in_one,
371,Solve: x² - 3x - 10 = 0,5 or -2,Quadratic Equation Solving,hard,algebra,
372,What is the rate for 480 words in 8 minutes?,60 words/minute,Rate,medium,fill_in_one,
373,Convert 5 kilograms to grams,5000,Unit Conversion Within a System,medium,fill_in_one,
374,What is the unit rate for 200 miles on 8 gallons?,25 miles/gallon,Unit Rate,medium,fill_in_one,
375,In 2a + 3b - 4c how many variables are there?,3,Variable,medium,multiple_choice,3|2|4|6
376,What is the volume of a cube with side length 7?,343,Volume Rectangular Prism,hard,fill_in_one,
377,Find the volume of a cylinder with radius 6 and height 10. Use π = 3.14,1130.4,Volume Cylinder,hard,fill_in_one,
378,What is the volume of a sphere with radius 8? Use π = 3.14,2143.57,Volume Sphere,hard,fill_in_one,
379,Calculate the surface area of a cube with side length 6,216,Surface Area Rectangular Prism,hard,fill_in_one,
380,What is 83 - 47?,36,Subtraction Whole Numbers,easy,fill_in_one,
381,Substitute d = 8 into 5d + 3,43,Substitution,medium,fill_in_one,
382,What is the degree of the polynomial 4x³ + 2x² - x + 7?,3,Monomial,hard,multiple_choice,3|4|2|7
383,Find the slope of the line y = (1/2)x + 3,1/2,Finding Slope From Equation,medium,fill_in_one,
384,What is the y-intercept of y = 4x + 12?,12,Finding y-intercept from Linear Equation,easy,fill_in_one,
385,Estimate 73 × 28 to the nearest hundred,2100,Estimation,hard,fill_in_one,
386,Write 9308 in expanded form,9000 + 300 + 8,Expanded,medium,fill_in_one,
387,A phone costs $120. With a 40% discount what's the sale price?,$72,Percent Discount,hard,fill_in_one,
388,If attendance increases from 300 to 375 what's the percent increase?,25%,Percent Increase or Decrease,hard,fill_in_one,
389,What is 4/5 of 45?,36,Fraction Of,medium,fill_in_one,
390,What is 72% of 50?,36,Percent Of,medium,fill_in_one,
391,Is 63 divisible by 7?,Yes,Divisibility Rules,medium,multiple_choice,Yes|No
392,What is the absolute value of -18.7?,18.7,Absolute Value,medium,fill_in_one,
393,Solve: 4x + 9 = 33,6,Algebraic Solving,medium,algebra,
394,Add: 7/10 + 3/5,13/10,Addition and Subtraction Fractions,hard,fill_in_one,
395,What is 567 + 298?,865,Addition Whole Numbers,medium,fill_in_one,
396,Simplify: 12n - 7n + 3n,8n,Algebraic Simplification,medium,algebra,
397,What is the measure of a straight angle?,180°,and Right,medium,multiple_choice,180°|90°|360°|270°
398,Find the area of a circle with radius 9 cm. Use π = 3.14,254.34,Area Circle,hard,fill_in_one,
399,Calculate: (-15) + 8,-7,Addition and Subtraction Integers,medium,fill_in_one,
400,What is 9.3 + 5.8?,15.1,Addition and Subtraction Positive Decimals,easy,fill_in_one,
401,What are vertical angles?,Equal opposite angles formed by intersecting lines,Angles on Parallel Lines Cut by a Transversal,hard,multiple_choice,Equal opposite angles formed by intersecting lines|Adjacent angles|Supplementary angles|Complementary angles
402,Find the area of a rectangle with length 18 ft and width 11 ft,198,Area Rectangle,medium,fill_in_one,
403,What is the area of a triangle with base 24 m and height 10 m?,120,Area Triangle,hard,fill_in_one,
404,Find the area of a parallelogram with base 16 cm and height 13 cm,208,Area Parallelogram,hard,fill_in_one,
405,Calculate the area of a trapezoid with bases 15 ft and 25 ft and height 12 ft,240,Area Trapezoid,hard,fill_in_one,
406,What is the greatest common factor of 45 and 60?,15,Greatest Common Factor,hard,multiple_choice,15|5|9|20
407,Solve: 9x + 2 = 6x + 20,6,Equation Solving More Than Two Steps,medium,algebra,
408,What is 18% of 300?,54,Finding Percents,medium,fill_in_one,
409,Find the slope of the line passing through points (1 5) and (4 14),3,Finding Slope from Ordered Pairs,medium,fill_in_one,
410,What is the circumference of a circle with diameter 16 cm? Use π = 3.14,50.24,Circumference,medium,fill_in_one,
411,Multiply: 3/7 × 5/9,5/21,Multiplication Fractions,hard,fill_in_one,
412,What is 18 × 12?,216,Multiplication Whole Numbers,medium,fill_in_one,
413,Calculate: (-8) × (-9),72,Multiplication and Division Integers,medium,fill_in_one,
414,What is 4.5 × 3.2?,14.4,Multiplication and Division Positive Decimals,hard,fill_in_one,
415,Divide: 4/5 ÷ 8/15,3/2,Division Fractions,hard,fill_in_one,
416,What is 273 ÷ 21?,13,Division Whole Numbers,hard,fill_in_one,
417,Solve for m: m - 11 = 19,30,Equation Solving Two or Fewer Steps,easy,algebra,
418,Which fraction is equivalent to 8/12?,2/3,Equivalent Fractions,medium,multiple_choice,2/3|3/4|4/5|5/6
419,What is the least common multiple of 14 and 21?,42,Least Common Multiple,hard,multiple_choice,42|35|28|294
420,Convert 0.35 to a fraction,7/20,Conversion of Fraction Decimals Percents,hard,fill_in_one,
421,What is the square root of 144?,12,Square Root,easy,fill_in_one,
422,Simplify: (8a)(2a),16a²,Multiplying Monomials,medium,algebra,
423,What is the formula for the circumference of a circle?,2πr,Definition Pi,hard,multiple_choice,2πr|πr²|πd²|r²
424,Apply the distributive property: 8(2y - 3),16y - 24,Distributive Property,hard,algebra,
425,What is 8²?,64,Exponent,easy,fill_in_one,
426,Find the mean of: 12 18 24 30 36,24,Mean,medium,fill_in_one,
427,What is the median of: 7 14 21 28 35?,21,Median,easy,multiple_choice,21|14|28|24.5
428,Find the mode of: 9 11 9 13 9 15,9,Mode,easy,fill_in_one,
429,What is the range of: 22 28 34 40 46?,24,Range,medium,fill_in_one,
430,Express 9/20 as a percent,45%,Percents,medium,fill_in_one,
431,Find the perimeter of an octagon with all sides equal to 3 cm,24,Perimeter of a Polygon,hard,fill_in_one,
432,What is 9²?,81,Exponents,easy,multiple_choice,81|18|27|36
433,Factor: x² - 25,(x + 5)(x - 5),Factoring Trinomials,hard,algebra,
434,Combine like terms: 14p + 8q - 6p + 3q,8p + 11q,Combining Like Terms,hard,algebra,
435,What property is shown by 7 × (4 × 2) = (7 × 4) × 2?,Associative Property,Commutative Property,hard,multiple_choice,Associative Property|Commutative Property|Distributive Property|Identity Property
436,Two angles are supplementary. If one is 108° what is the other?,72°,Complementary and Supplementary Angles,medium,fill_in_one,
437,Order from least to greatest: 2/5 3/8 1/2,3/8 2/5 1/2,Ordering Fractions,hard,fill_in_one,
438,Order from least to greatest: 12 -8 0 -3,-8 -3 0 12,Ordering Integers,medium,fill_in_one,
439,Order from least to greatest: 0.125 0.12 0.13,0.12 0.125 0.13,Ordering Positive Decimals,hard,fill_in_one,
440,What is the coefficient in the term -12pq?,-12,Coefficient,medium,fill_in_one,
441,If you have 6 books how many ways can you choose 3?,20,Combinatorics,hard,multiple_choice,20|18|15|6
442,Calculate: 24 - 18 ÷ 3,18,Order of Operations +,medium,fill_in_one,
443,Calculate: 7 × (9 - 4) - 2³,27,Order of Operations All,hard,fill_in_one,
444,What is the sum of interior angles of a decagon?,1440°,Interior Angles Figures with More than 3 Sides,hard,fill_in_one,
445,Is 37 a prime number?,Yes,Prime Number,hard,multiple_choice,Yes|No
446,What is the probability of rolling a prime number on a standard die?,1/2,Probability of a Single Event,hard,fill_in_one,
447,Solve the proportion: 6/8 = 15/x,20,Proportion,medium,algebra,
448,Find the missing leg of a right triangle with hypotenuse 10 and one leg 6,8,Pythagorean Theorem,hard,fill_in_one,
449,Solve: x² + 6x - 7 = 0,1 or -7,Quadratic Equation Solving,hard,algebra,
450,What is the rate for 720 kilometers in 9 hours?,80 km/h,Rate,medium,fill_in_one,
451,Convert 3 pounds to ounces,48,Unit Conversion Within a System,medium,fill_in_one,
452,What is the unit rate for $24 for 6 hours?,$4 per hour,Unit Rate,easy,fill_in_one,
453,In the expression 5x³ - 2x² + x - 8 what is the constant term?,-8,Variable,hard,multiple_choice,-8|5|1|3
454,What is the volume of a rectangular prism with dimensions 8×6×5?,240,Volume Rectangular Prism,hard,fill_in_one,
455,Find the volume of a cylinder with radius 7 and height 12. Use π = 3.14,1846.32,Volume Cylinder,hard,fill_in_one,
456,What is the volume of a sphere with radius 10? Use π = 3.14,4186.67,Volume Sphere,hard,fill_in_one,
457,Calculate the surface area of a rectangular prism with dimensions 5×7×9,286,Surface Area Rectangular Prism,hard,fill_in_one,
458,What is 94 - 67?,27,Subtraction Whole Numbers,easy,fill_in_one,
459,Substitute e = 7 into 3e - 12,9,Substitution,medium,fill_in_one,
460,What is the leading coefficient of 6x⁴ + 3x² - 5?,6,Monomial,hard,multiple_choice,6|4|3|5
461,Find the slope of the line y = -2x + 9,-2,Finding Slope From Equation,medium,fill_in_one,
462,What is the y-intercept of y = (1/3)x - 6?,-6,Finding y-intercept from Linear Equation,medium,fill_in_one,
463,Estimate 126 ÷ 31 to the nearest whole number,4,Estimation,hard,fill_in_one,
464,Write 7540 in expanded form,7000 + 500 + 40,Expanded,medium,fill_in_one,
465,A laptop costs $800. With a 35% discount what's the sale price?,$520,Percent Discount,hard,fill_in_one,
466,If a score decreases from 85 to 68 what's the percent decrease?,20%,Percent Increase or Decrease,hard,fill_in_one,
467,What is 7/8 of 56?,49,Fraction Of,hard,fill_in_one,
468,What is 84% of 25?,21,Percent Of,hard,fill_in_one,
469,Is 77 divisible by 11?,Yes,Divisibility Rules,hard,multiple_choice,Yes|No
470,What is the absolute value of -3.14?,3.14,Absolute Value,medium,fill_in_one,
471,Solve: 6x - 8 = 28,6,Algebraic Solving,medium,algebra,
472,Subtract: 5/6 - 1/4,7/12,Addition and Subtraction Fractions,hard,fill_in_one,
473,What is 678 + 456?,1134,Addition Whole Numbers,hard,fill_in_one,
474,Simplify: 15z - 8z + 4z,11z,Algebraic Simplification,medium,algebra,
475,What is the supplement of a 45° angle?,135°,Acute,hard,multiple_choice,135°|45°|90°|315°
476,Find the area of a circle with radius 12 cm. Use π = 3.14,452.16,Area Circle,hard,fill_in_one,
477,Calculate: (-20) + 13,-7,Addition and Subtraction Integers,medium,fill_in_one,
478,What is 12.7 + 8.9?,21.6,Addition and Subtraction Positive Decimals,medium,fill_in_one,
479,When two lines intersect what is true about vertical angles?,They are equal,Angles on Parallel Lines Cut by a Transversal,medium,multiple_choice,They are equal|They are supplementary|They are complementary|They are different
480,Find the area of a rectangle with length 30 m and width 14 m,420,Area Rectangle,hard,fill_in_one,
481,What is the area of a triangle with base 18 ft and height 12 ft?,108,Area Triangle,hard,fill_in_one,
482,Find the area of a parallelogram with base 24 cm and height 15 cm,360,Area Parallelogram,hard,fill_in_one,
483,Calculate the area of a trapezoid with bases 20 m and 30 m and height 16 m,400,Area Trapezoid,hard,fill_in_one,
484,What is the greatest common factor of 54 and 72?,18,Greatest Common Factor,hard,multiple_choice,18|9|12|27
485,Solve: 10x - 7 = 8x + 13,10,Equation Solving More Than Two Steps,hard,algebra,
486,What is 22% of 450?,99,Finding Percents,hard,fill_in_one,
487,Find the slope of the line passing through points (2 3) and (8 15),2,Finding Slope from Ordered Pairs,medium,fill_in_one,
488,What is the circumference of a circle with radius 12 cm? Use π = 3.14,75.36,Circumference,hard,fill_in_one,
489,Multiply: 6/11 × 7/8,21/44,Multiplication Fractions,hard,fill_in_one,
490,What is 25 × 16?,400,Multiplication Whole Numbers,hard,fill_in_one,
491,Calculate: (-12) × (-7),84,Multiplication and Division Integers,hard,fill_in_one,
492,What is 5.4 × 2.8?,15.12,Multiplication and Division Positive Decimals,hard,fill_in_one,
493,Divide: 9/10 ÷ 3/5,3/2,Division Fractions,hard,fill_in_one,
494,What is 336 ÷ 24?,14,Division Whole Numbers,hard,fill_in_one,
495,Solve for p: p + 18 = 25,7,Equation Solving Two or Fewer Steps,easy,algebra,
496,Which fraction is equivalent to 12/16?,3/4,Equivalent Fractions,hard,multiple_choice,3/4|2/3|4/5|5/6
497,What is the least common multiple of 16 and 24?,48,Least Common Multiple,hard,multiple_choice,48|40|32|384
498,Convert 13/20 to a decimal,0.65,Conversion of Fraction Decimals Percents,hard,fill_in_one,
499,What is the square root of 169?,13,Square Root,medium,fill_in_one,
500,Simplify: (9b)(3b),27b²,Multiplying Monomials,hard,algebra,
501,What does π approximately equal?,3.14159,Definition Pi,medium,multiple_choice,3.14159|2.71828|1.41421|4.66920
502,Apply the distributive property: 9(4x + 7),36x + 63,Distributive Property,hard,algebra,
503,What is 10²?,100,Exponent,easy,fill_in_one,
504,Find the mean of: 16 20 24 28 32,24,Mean,medium,fill_in_one,
505,What is the median of: 8 16 24 32 40 48?,28,Median,hard,multiple_choice,28|24|32|30
506,Find the mode of: 12 14 12 16 12 18,12,Mode,easy,fill_in_one,
507,What is the range of: 35 42 49 56 63?,28,Range,medium,fill_in_one,
508,Express 11/25 as a percent,44%,Percents,hard,fill_in_one,
509,Find the perimeter of a decagon with all sides equal to 5 cm,50,Perimeter of a Polygon,hard,fill_in_one,
510,What is 12²?,144,Exponents,medium,multiple_choice,144|24|36|48
511,Factor: x² + 10x + 21,(x + 3)(x + 7),Factoring Trinomials,hard,algebra,
512,Combine like terms: 18r - 12s + 7r - 5s,25r - 17s,Combining Like Terms,hard,algebra,
513,What property allows us to change the grouping of addends?,Associative Property,Commutative Property,hard,multiple_choice,Associative Property|Commutative Property|Distributive Property|Identity Property
514,Two angles are complementary. If one is 28° what is the other?,62°,Complementary and Supplementary Angles,medium,fill_in_one,
515,Order from least to greatest: 4/7 1/2 5/9,5/9 4/7 1/2,Ordering Fractions,hard,fill_in_one,
516,Order from least to greatest: -15 8 -4 0,-15 -4 0 8,Ordering Integers,hard,fill_in_one,
517,Order from least to greatest: 0.75 0.705 0.8,0.705 0.75 0.8,Ordering Positive Decimals,hard,fill_in_one,
518,What is the coefficient in the term 24xy²?,24,Coefficient,medium,fill_in_one,
519,How many permutations are there of 5 objects taken 3 at a time?,60,Combinatorics,hard,multiple_choice,60|15|20|10
520,Calculate: 30 ÷ 6 + 4 × 3,17,Order of Operations +,hard,fill_in_one,
521,Calculate: 8² - (15 - 8) × 6,22,Order of Operations All,hard,fill_in_one,
522,What is the sum of interior angles of a 12-sided polygon?,1800°,Interior Angles Figures with More than 3 Sides,hard,fill_in_one,
523,Is 41 a prime number?,Yes,Prime Number,hard,multiple_choice,Yes|No
524,What is the probability of drawing a face card from a standard deck?,3/13,Probability of a Single Event,hard,fill_in_one,
525,Solve the proportion: 9/12 = x/28,21,Proportion,hard,algebra,
526,Find the hypotenuse of a right triangle with legs 7 and 24,25,Pythagorean Theorem,hard,fill_in_one,
527,Solve: x² - 8x + 15 = 0,3 or 5,Quadratic Equation Solving,hard,algebra,
528,What is the rate for 840 words in 14 minutes?,60 words/minute,Rate,hard,fill_in_one,
529,Convert 4 gallons to quarts,16,Unit Conversion Within a System,hard,fill_in_one,
530,What is the unit rate for 350 miles on 14 gallons?,25 miles/gallon,Unit Rate,hard,fill_in_one,
531,How many terms are in the expression 3x² + 5x - 2?,3,Variable,medium,multiple_choice,3|2|5|6
532,What is the volume of a rectangular prism with dimensions 10×8×6?,480,Volume Rectangular Prism,hard,fill_in_one,
533,Find the volume of a cylinder with radius 8 and height 15. Use π = 3.14,3014.4,Volume Cylinder,hard,fill_in_one,
534,What is the volume of a sphere with radius 12? Use π = 3.14,7234.56,Volume Sphere,hard,fill_in_one,
535,Calculate the surface area of a rectangular prism with dimensions 6×8×10,376,Surface Area Rectangular Prism,hard,fill_in_one,
536,What is 105 - 78?,27,Subtraction Whole Numbers,medium,fill_in_one,
537,Substitute f = 9 into 2f + 15,33,Substitution,medium,fill_in_one,
538,What is the constant term in 2x³ - 4x² + 7x - 9?,-9,Monomial,hard,multiple_choice,-9|2|7|3
539,Find the slope of the line y = (3/4)x - 2,3/4,Finding Slope From Equation,hard,fill_in_one,
540,What is the y-intercept of y = -5x + 11?,11,Finding y-intercept from Linear Equation,medium,fill_in_one,
541,Estimate 89 + 76 + 112 to the nearest ten,280,Estimation,medium,fill_in_one,
542,Write 8067 in expanded form,8000 + 60 + 7,Expanded,medium,fill_in_one,
543,A television costs $450. With a 25% discount what's the sale price?,$337.50,Percent Discount,hard,fill_in_one,
544,If enrollment increases from 240 to 300 what's the percent increase?,25%,Percent Increase or Decrease,hard,fill_in_one,
545,What is 3/7 of 91?,39,Fraction Of,hard,fill_in_one,
546,What is 68% of 75?,51,Percent Of,hard,fill_in_one,
547,Is 91 divisible by 13?,Yes,Divisibility Rules,hard,multiple_choice,Yes|No
548,What is the absolute value of -42?,42,Absolute Value,medium,fill_in_one,
549,Solve: 7x + 11 = 46,5,Algebraic Solving,hard,algebra,
550,Add: 7/12 + 5/8,29/24,Addition and Subtraction Fractions,hard,fill_in_one,
551,What is 789 + 567?,1356,Addition Whole Numbers,hard,fill_in_one,
552,Simplify: 20w - 13w + 6w,13w,Algebraic Simplification,hard,algebra,
553,What is the complement of a 72° angle?,18°,Acute,hard,multiple_choice,18°|72°|108°|288°
554,Find the area of a circle with diameter 20 cm. Use π = 3.14,314,Area Circle,hard,fill_in_one,
555,Calculate: (-25) + 17,-8,Addition and Subtraction Integers,hard,fill_in_one,
556,What is 15.6 + 7.8?,23.4,Addition and Subtraction Positive Decimals,medium,fill_in_one,
557,What is the relationship between alternate interior angles when parallel lines are cut by a transversal?,They are equal,Angles on Parallel Lines Cut by a Transversal,hard,multiple_choice,They are equal|They are supplementary|They are complementary|They are unequal
558,Find the area of a rectangle with length 35 ft and width 18 ft,630,Area Rectangle,hard,fill_in_one,
559,What is the area of a triangle with base 26 m and height 14 m?,182,Area Triangle,hard,fill_in_one,
560,Find the area of a parallelogram with base 28 cm and height 19 cm,532,Area Parallelogram,hard,fill_in_one,
561,Calculate the area of a trapezoid with bases 24 ft and 36 ft and height 20 ft,600,Area Trapezoid,hard,fill_in_one,
562,What is the greatest common factor of 63 and 84?,21,Greatest Common Factor,hard,multiple_choice,21|7|14|28
563,Solve: 12x + 5 = 9x + 26,7,Equation Solving More Than Two Steps,hard,algebra,
564,What is 28% of 350?,98,Finding Percents,hard,fill_in_one,
565,Find the slope of the line passing through points (4 7) and (10 19),2,Finding Slope from Ordered Pairs,hard,fill_in_one,
566,What is the circumference of a circle with diameter 22 cm? Use π = 3.14,69.08,Circumference,hard,fill_in_one,
567,Multiply: 8/15 × 9/16,3/10,Multiplication Fractions,hard,fill_in_one,
568,What is 32 × 18?,576,Multiplication Whole Numbers,hard,fill_in_one,
569,Calculate: (-15) × (-8),120,Multiplication and Division Integers,hard,fill_in_one,
570,What is 6.7 × 3.4?,22.78,Multiplication and Division Positive Decimals,hard,fill_in_one,
571,Divide: 7/12 ÷ 14/15,5/8,Division Fractions,hard,fill_in_one,
572,What is 468 ÷ 36?,13,Division Whole Numbers,hard,fill_in_one,
573,Solve for q: q - 22 = 15,37,Equation Solving Two or Fewer Steps,medium,algebra,
574,Which fraction is equivalent to 15/20?,3/4,Equivalent Fractions,hard,multiple_choice,3/4|4/5|2/3|5/6
575,What is the least common multiple of 20 and 30?,60,Least Common Multiple,hard,multiple_choice,60|50|40|600
576,Convert 17/25 to a decimal,0.68,Conversion of Fraction Decimals Percents,hard,fill_in_one,
577,What is the square root of 196?,14,Square Root,medium,fill_in_one,
578,Simplify: (12x)(5x),60x²,Multiplying Monomials,hard,algebra,
579,What is the diameter of a circle if its radius is 8 cm?,16,Definition Pi,medium,multiple_choice,16|4|8|24
580,Apply the distributive property: 11(3y - 4),33y - 44,Distributive Property,hard,algebra,
581,What is 11²?,121,Exponent,medium,fill_in_one,
582,Find the mean of: 18 22 26 30 34,26,Mean,hard,fill_in_one,
583,What is the median of: 9 18 27 36 45 54?,31.5,Median,hard,multiple_choice,31.5|27|36|33
584,Find the mode of: 15 17 15 19 15 21,15,Mode,easy,fill_in_one,
585,What is the range of: 42 49 56 63 70?,28,Range,medium,fill_in_one,
586,Express 13/50 as a percent,26%,Percents,hard,fill_in_one,
587,Find the perimeter of a dodecagon with all sides equal to 4 cm,48,Perimeter of a Polygon,hard,fill_in_one,
588,What is 13²?,169,Exponents,medium,multiple_choice,169|26|39|52
589,Factor: x² - 36,(x + 6)(x - 6),Factoring Trinomials,hard,algebra,
590,Combine like terms: 22a + 15b - 8a + 6b,14a + 21b,Combining Like Terms,hard,algebra,
591,What property is shown by 15 + (8 + 3) = (15 + 8) + 3?,Associative Property,Commutative Property,hard,multiple_choice,Associative Property|Commutative Property|Distributive Property|Identity Property
592,Two angles are supplementary. If one is 142° what is the other?,38°,Complementary and Supplementary Angles,hard,fill_in_one,
593,Order from least to greatest: 3/4 7/9 5/6,3/4 7/9 5/6,Ordering Fractions,hard,fill_in_one,
594,Order from least to greatest: -18 12 -7 3,-18 -7 3 12,Ordering Integers,hard,fill_in_one,
595,Order from least to greatest: 0.375 0.37 0.38,0.37 0.375 0.38,Ordering Positive Decimals,hard,fill_in_one,
596,What is the coefficient in the term -18abc?,-18,Coefficient,hard,fill_in_one,
597,How many combinations of 4 items can be chosen from 8 items?,70,Combinatorics,hard,multiple_choice,70|32|24|56
598,Calculate: 42 - 28 ÷ 4,35,Order of Operations +,hard,fill_in_one,
599,Calculate: 9² - 4 × (6 + 2),49,Order of Operations All,hard,fill_in_one,
600,What is the sum of interior angles of a 15-sided polygon?,2340°,Interior Angles Figures with More than 3 Sides,hard,fill_in_one,
601,Is 43 a prime number?,Yes,Prime Number,hard,multiple_choice,Yes|No
602,What is the probability of rolling a 1 or 6 on a standard die?,1/3,Probability of a Single Event,hard,fill_in_one,
603,Solve the proportion: 11/15 = 22/x,30,Proportion,hard,algebra,
604,Find the missing side of a right triangle with hypotenuse 26 and one leg 24,10,Pythagorean Theorem,hard,fill_in_one,
605,Solve: x² + 12x + 35 = 0,-5 or -7,Quadratic Equation Solving,hard,algebra,
606,What is the rate for 960 pages in 16 hours?,60 pages/hour,Rate,hard,fill_in_one,
607,Convert 7 meters to millimeters,7000,Unit Conversion Within a System,hard,fill_in_one,
608,What is the unit rate for $42 for 7 tickets?,$6 per ticket,Unit Rate,medium,fill_in_one,
609,What is the degree of the term 5x⁴?,4,Variable,hard,multiple_choice,4|5|1|9
610,What is the volume of a cube with side length 9?,729,Volume Rectangular Prism,hard,fill_in_one,
611,Find the volume of a cylinder with radius 9 and height 20. Use π = 3.14,5086.8,Volume Cylinder,hard,fill_in_one,
612,What is the volume of a sphere with radius 15? Use π = 3.14,14130,Volume Sphere,hard,fill_in_one,
613,Calculate the surface area of a cube with side length 8,384,Surface Area Rectangular Prism,hard,fill_in_one,
614,What is 126 - 89?,37,Subtraction Whole Numbers,medium,fill_in_one,
615,Substitute g = 12 into 4g - 19,29,Substitution,hard,fill_in_one,
616,How many terms does a binomial have?,2,Monomial,medium,multiple_choice,2|1|3|4
617,Find the slope of the line y = -4x + 7,-4,Finding Slope From Equation,medium,fill_in_one,
618,What is the y-intercept of y = 6x - 15?,-15,Finding y-intercept from Linear Equation,medium,fill_in_one,
619,Estimate 234 × 19 to the nearest thousand,4000,Estimation,hard,fill_in_one,
620,Write 5402 in expanded form,5000 + 400 + 2,Expanded,medium,fill_in_one,
621,A computer costs $600. With a 45% discount what's the sale price?,$330,Percent Discount,hard,fill_in_one,
622,If a value decreases from 400 to 320 what's the percent decrease?,20%,Percent Increase or Decrease,hard,fill_in_one,
623,What is 5/6 of 72?,60,Fraction Of,hard,fill_in_one,
624,What is 95% of 40?,38,Percent Of,hard,fill_in_one,
625,Is 84 divisible by 12?,Yes,Divisibility Rules,hard,multiple_choice,Yes|No
626,What is the absolute value of -56.8?,56.8,Absolute Value,hard,fill_in_one,
627,Solve: 8x - 13 = 35,6,Algebraic Solving,hard,algebra,
628,Subtract: 11/12 - 3/8,13/24,Addition and Subtraction Fractions,hard,fill_in_one,
629,What is 856 + 697?,1553,Addition Whole Numbers,hard,fill_in_one,
630,Simplify: 25y - 18y + 12y,19y,Algebraic Simplification,hard,algebra,
631,What is an angle greater than 180° but less than 360° called?,Reflex,Acute,hard,multiple_choice,Reflex|Obtuse|Straight|Complete
632,Find the area of a circle with radius 15 cm. Use π = 3.14,706.5,Area Circle,hard,fill_in_one,
633,Calculate: (-30) + 22,-8,Addition and Subtraction Integers,hard,fill_in_one,
634,What is 18.4 + 12.9?,31.3,Addition and Subtraction Positive Decimals,hard,fill_in_one,
635,What angles are formed when two parallel lines are cut by a transversal?,Eight angles,Angles on Parallel Lines Cut by a Transversal,hard,multiple_choice,Eight angles|Four angles|Six angles|Ten angles
636,Find the area of a rectangle with length 42 m and width 25 m,1050,Area Rectangle,hard,fill_in_one,
637,What is the area of a triangle with base 32 ft and height 18 ft?,288,Area Triangle,hard,fill_in_one,
638,Find the area of a parallelogram with base 35 cm and height 24 cm,840,Area Parallelogram,hard,fill_in_one,
639,Calculate the area of a trapezoid with bases 28 m and 42 m and height 25 m,875,Area Trapezoid,hard,fill_in_one,
640,What is the greatest common factor of 72 and 96?,24,Greatest Common Factor,hard,multiple_choice,24|12|18|36
641,Solve: 15x - 8 = 12x + 19,9,Equation Solving More Than Two Steps,hard,algebra,
642,What is 32% of 250?,80,Finding Percents,hard,fill_in_one,
643,Find the slope of the line passing through points (5 9) and (11 21),2,Finding Slope from Ordered Pairs,hard,fill_in_one,
644,What is the circumference of a circle with radius 18 cm? Use π = 3.14,113.04,Circumference,hard,fill_in_one,
645,Multiply: 7/16 × 12/21,1/4,Multiplication Fractions,hard,fill_in_one,
646,What is 45 × 23?,1035,Multiplication Whole Numbers,hard,fill_in_one,
647,Calculate: (-18) × (-12),216,Multiplication and Division Integers,hard,fill_in_one,
648,What is 7.8 × 4.6?,35.88,Multiplication and Division Positive Decimals,hard,fill_in_one,
649,Divide: 11/15 ÷ 22/25,5/6,Division Fractions,hard,fill_in_one,
650,What is 552 ÷ 24?,23,Division Whole Numbers,hard,fill_in_one,
651,Solve for r: r + 35 = 52,17,Equation Solving Two or Fewer Steps,medium,algebra,
652,Which fraction is equivalent to 18/24?,3/4,Equivalent Fractions,hard,multiple_choice,3/4|2/3|4/5|5/6
653,What is the least common multiple of 25 and 35?,175,Least Common Multiple,hard,multiple_choice,175|70|60|875
654,Convert 19/50 to a decimal,0.38,Conversion of Fraction Decimals Percents,hard,fill_in_one,
655,What is the square root of 225?,15,Square Root,medium,fill_in_one,
656,Simplify: (15y)(4y),60y²,Multiplying Monomials,hard,algebra,
657,If a circle has circumference 18.84 cm what is its radius? Use π = 3.14,3,Definition Pi,hard,multiple_choice,3|6|9|1.5
658,Apply the distributive property: 12(5z + 3),60z + 36,Distributive Property,hard,algebra,
659,What is 14²?,196,Exponent,hard,fill_in_one,
660,Find the mean of: 20 25 30 35 40,30,Mean,hard,fill_in_one,
661,What is the median of: 11 22 33 44 55 66?,38.5,Median,hard,multiple_choice,38.5|33|44|39
662,Find the mode of: 18 20 18 22 18 24,18,Mode,medium,fill_in_one,
663,What is the range of: 55 62 69 76 83?,28,Range,hard,fill_in_one,
664,Express 17/25 as a percent,68%,Percents,hard,fill_in_one,
665,Find the perimeter of a rectangle with length 18 cm and width 13 cm,62,Perimeter of a Polygon,hard,fill_in_one,
666,What is 15²?,225,Exponents,hard,multiple_choice,225|30|45|60
667,Factor: x² + 14x + 45,(x + 5)(x + 9),Factoring Trinomials,hard,algebra,
668,Combine like terms: 30x + 20y - 12x + 8y,18x + 28y,Combining Like Terms,hard,algebra,
669,What property is demonstrated by 9 × (7 + 4) = 9 × 7 + 9 × 4?,Distributive Property,Commutative Property,hard,multiple_choice,Distributive Property|Associative Property|Commutative Property|Identity Property
670,Two angles are complementary. If one is 34° what is the other?,56°,Complementary and Supplementary Angles,hard,fill_in_one,
671,Order from least to greatest: 5/7 3/4 2/3,5/7 2/3 3/4,Ordering Fractions,hard,fill_in_one,
672,Order from least to greatest: -22 15 -9 6,-22 -9 6 15,Ordering Integers,hard,fill_in_one,
673,Order from least to greatest: 0.625 0.62 0.63,0.62 0.625 0.63,Ordering Positive Decimals,hard,fill_in_one,
674,What is the coefficient in the term 36pqr?,36,Coefficient,hard,fill_in_one,
675,How many ways can 7 people be seated in a row?,5040,Combinatorics,hard,multiple_choice,5040|42|49|210
676,Calculate: 56 ÷ 8 + 5 × 4,27,Order of Operations +,hard,fill_in_one,
677,Calculate: 10² - 6 × (8 - 3),70,Order of Operations All,hard,fill_in_one,
678,What is the sum of interior angles of a 20-sided polygon?,3240°,Interior Angles Figures with More than 3 Sides,hard,fill_in_one,
679,Is 47 a prime number?,Yes,Prime Number,hard,multiple_choice,Yes|No
680,What is the probability of drawing an ace from a standard deck?,1/13,Probability of a Single Event,hard,fill_in_one,
681,Solve the proportion: 13/20 = 39/x,60,Proportion,hard,algebra,
682,Find the hypotenuse of a right triangle with legs 20 and 21,29,Pythagorean Theorem,hard,fill_in_one,
683,Solve: x² - 10x + 24 = 0,4 or 6,Quadratic Equation Solving,hard,algebra,
684,What is the rate for 1200 kilometers in 15 hours?,80 km/h,Rate,hard,fill_in_one,
685,Convert 8 feet to inches,96,Unit Conversion Within a System,hard,fill_in_one,
686,What is the unit rate for $84 for 12 hours?,$7 per hour,Unit Rate,hard,fill_in_one,
687,What is the leading term in 4x⁵ + 2x³ - x² + 7?,4x⁵,Variable,hard,multiple_choice,4x⁵|2x³|-x²|7
688,What is the volume of a rectangular prism with dimensions 12×10×8?,960,Volume Rectangular Prism,hard,fill_in_one,
689,Find the volume of a cylinder with radius 10 and height 25. Use π = 3.14,7850,Volume Cylinder,hard,fill_in_one,
690,What is the volume of a sphere with radius 18? Use π = 3.14,24416.64,Volume Sphere,hard,fill_in_one,
691,Calculate the surface area of a rectangular prism with dimensions 7×9×11,382,Surface Area Rectangular Prism,hard,fill_in_one,
692,What is 147 - 98?,49,Subtraction Whole Numbers,hard,fill_in_one,
693,Substitute h = 15 into 3h - 28,17,Substitution,hard,fill_in_one,
694,What is the degree of a trinomial?,The highest power of the variable,Monomial,hard,multiple_choice,The highest power of the variable|3|Always 2|Always 1
695,Find the slope of the line y = (2/3)x + 5,2/3,Finding Slope From Equation,hard,fill_in_one,
696,What is the y-intercept of y = -7x + 18?,18,Finding y-intercept from Linear Equation,hard,fill_in_one,
697,Estimate 567 ÷ 28 to the nearest whole number,20,Estimation,hard,fill_in_one,
698,Write 9084 in expanded form,9000 + 80 + 4,Expanded,hard,fill_in_one,
699,A bike costs $250. With a 20% discount what's the sale price?,$200,Percent Discount,medium,fill_in_one,
700,If a temperature increases from 75°F to 90°F what's the percent increase?,20%,Percent Increase or Decrease,hard,fill_in_one,
701,What is 7/9 of 63?,49,Fraction Of,hard,fill_in_one,
702,What is 76% of 125?,95,Percent Of,hard,fill_in_one,
703,Is 96 divisible by 16?,Yes,Divisibility Rules,hard,multiple_choice,Yes|No
704,What is the absolute value of -73.2?,73.2,Absolute Value,hard,fill_in_one,
705,Solve: 9x + 17 = 62,5,Algebraic Solving,hard,algebra,
706,Add: 8/15 + 7/10,37/30,Addition and Subtraction Fractions,hard,fill_in_one,
707,What is 934 + 786?,1720,Addition Whole Numbers,hard,fill_in_one,
708,Simplify: 32t - 19t + 15t,28t,Algebraic Simplification,hard,algebra,
709,What is a complete angle?,360°,Acute,hard,multiple_choice,360°|180°|270°|90°
710,Find the area of a circle with diameter 24 cm. Use π = 3.14,452.16,Area Circle,hard,fill_in_one,
711,Calculate: (-35) + 28,-7,Addition and Subtraction Integers,hard,fill_in_one,
712,What is 23.7 + 18.6?,42.3,Addition and Subtraction Positive Decimals,hard,fill_in_one,
713,What is the sum of co-interior angles when parallel lines are cut by a transversal?,180°,Angles on Parallel Lines Cut by a Transversal,hard,multiple_choice,180°|90°|360°|270°
714,Find the area of a rectangle with length 48 ft and width 32 ft,1536,Area Rectangle,hard,fill_in_one,
715,What is the area of a triangle with base 40 m and height 24 m?,480,Area Triangle,hard,fill_in_one,
716,Find the area of a parallelogram with base 42 cm and height 28 cm,1176,Area Parallelogram,hard,fill_in_one,
717,Calculate the area of a trapezoid with bases 35 ft and 45 ft and height 30 ft,1200,Area Trapezoid,hard,fill_in_one,
718,What is the greatest common factor of 84 and 108?,12,Greatest Common Factor,hard,multiple_choice,12|6|18|36
719,Solve: 18x - 11 = 15x + 25,12,Equation Solving More Than Two Steps,hard,algebra,
720,What is 45% of 160?,72,Finding Percents,hard,fill_in_one,
721,Find the slope of the line passing through points (6 11) and (12 23),2,Finding Slope from Ordered Pairs,hard,fill_in_one,
722,What is the circumference of a circle with diameter 28 cm? Use π = 3.14,87.92,Circumference,hard,fill_in_one,
723,Multiply: 9/20 × 15/28,27/112,Multiplication Fractions,hard,fill_in_one,
724,What is 56 × 37?,2072,Multiplication Whole Numbers,hard,fill_in_one,
725,Calculate: (-24) × (-15),360,Multiplication and Division Integers,hard,fill_in_one,
726,What is 8.9 × 5.7?,50.73,Multiplication and Division Positive Decimals,hard,fill_in_one,
727,Divide: 13/18 ÷ 26/27,3/4,Division Fractions,hard,fill_in_one,
728,What is 624 ÷ 39?,16,Division Whole Numbers,hard,fill_in_one,
729,Solve for s: s - 28 = 45,73,Equation Solving Two or Fewer Steps,hard,algebra,
730,Which fraction is equivalent to 21/28?,3/4,Equivalent Fractions,hard,multiple_choice,3/4|2/3|4/5|5/7
731,What is the least common multiple of 28 and 42?,84,Least Common Multiple,hard,multiple_choice,84|70|56|1176
732,Convert 23/40 to a decimal,0.575,Conversion of Fraction Decimals Percents,hard,fill_in_one,
733,What is the square root of 256?,16,Square Root,hard,fill_in_one,
734,Simplify: (18a)(7a),126a²,Multiplying Monomials,hard,algebra,
735,What is the relationship between the radius and circumference of a circle?,C = 2πr,Definition Pi,hard,multiple_choice,C = 2πr|C = πr²|C = πr|C = r²
736,Apply the distributive property: 14(6w - 5),84w - 70,Distributive Property,hard,algebra,
737,What is 16²?,256,Exponent,hard,fill_in_one,
738,Find the mean of: 24 30 36 42 48,36,Mean,hard,fill_in_one,
739,What is the median of: 13 26 39 52 65 78?,45.5,Median,hard,multiple_choice,45.5|39|52|46
740,Find the mode of: 21 23 21 25 21 27,21,Mode,medium,fill_in_one,
741,What is the range of: 68 75 82 89 96?,28,Range,hard,fill_in_one,
742,Express 19/25 as a percent,76%,Percents,hard,fill_in_one,
743,Find the perimeter of a triangle with sides 12 cm 15 cm and 18 cm,45,Perimeter of a Polygon,hard,fill_in_one,
744,What is 17²?,289,Exponents,hard,multiple_choice,289|34|51|68
745,Factor: x² - 49,(x + 7)(x - 7),Factoring Trinomials,hard,algebra,
746,Combine like terms: 45m + 32n - 18m + 14n,27m + 46n,Combining Like Terms,hard,algebra,
747,What property allows you to multiply a sum by multiplying each addend?,Distributive Property,Commutative Property,hard,multiple_choice,Distributive Property|Associative Property|Commutative Property|Identity Property
748,Two angles are supplementary. If one is 157° what is the other?,23°,Complementary and Supplementary Angles,hard,fill_in_one,
749,Order from least to greatest: 6/7 4/5 7/8,4/5 6/7 7/8,Ordering Fractions,hard,fill_in_one,
750,Order from least to greatest: -25 18 -12 8,-25 -12 8 18,Ordering Integers,hard,fill_in_one,
751,Order from least to greatest: 0.875 0.87 0.88,0.87 0.875 0.88,Ordering Positive Decimals,hard,fill_in_one,
752,What is the coefficient in the term -45xyz?,-45,Coefficient,hard,fill_in_one,
753,In how many ways can 5 different books be arranged on a shelf?,120,Combinatorics,hard,multiple_choice,120|25|20|60
754,Calculate: 72 - 36 ÷ 9,68,Order of Operations +,hard,fill_in_one,
755,Calculate: 11² - 8 × (9 - 4),81,Order of Operations All,hard,fill_in_one,
756,What is the sum of interior angles of a 25-sided polygon?,4140°,Interior Angles Figures with More than 3 Sides,hard,fill_in_one,
757,Is 53 a prime number?,Yes,Prime Number,hard,multiple_choice,Yes|No
758,What is the probability of rolling an odd number on a standard die?,1/2,Probability of a Single Event,medium,fill_in_one,
759,Solve the proportion: 15/24 = 25/x,40,Proportion,hard,algebra,
760,Find the missing leg of a right triangle with hypotenuse 25 and one leg 15,20,Pythagorean Theorem,hard,fill_in_one,
761,Solve: x² + 16x + 63 = 0,-7 or -9,Quadratic Equation Solving,hard,algebra,
762,What is the rate for 1440 words in 18 minutes?,80 words/minute,Rate,hard,fill_in_one,
763,Convert 6 pounds to ounces,96,Unit Conversion Within a System,hard,fill_in_one,
764,What is the unit rate for 420 miles on 15 gallons?,28 miles/gallon,Unit Rate,hard,fill_in_one,
765,How many variables are in the expression 3a²b + 4ab² - 5a + 2b?,2,Variable,hard,multiple_choice,2|4|3|6
766,What is the volume of a cube with side length 11?,1331,Volume Rectangular Prism,hard,fill_in_one,
767,Find the volume of a cylinder with radius 12 and height 18. Use π = 3.14,8138.88,Volume Cylinder,hard,fill_in_one,
768,What is the volume of a sphere with radius 20? Use π = 3.14,33493.33,Volume Sphere,hard,fill_in_one,
769,Calculate the surface area of a cube with side length 10,600,Surface Area Rectangular Prism,hard,fill_in_one,
770,What is 168 - 129?,39,Subtraction Whole Numbers,hard,fill_in_one,
771,Substitute j = 18 into 2j - 25,11,Substitution,hard,fill_in_one,
772,What is the constant term in a polynomial?,The term without a variable,Monomial,hard,multiple_choice,The term without a variable|The first term|The last term|The middle term
773,Find the slope of the line y = -5x + 12,-5,Finding Slope From Equation,hard,fill_in_one,
774,What is the y-intercept of y = 8x - 24?,-24,Finding y-intercept from Linear Equation,hard,fill_in_one,
775,Estimate 789 + 456 + 234 to the nearest hundred,1500,Estimation,hard,fill_in_one,
776,Write 6503 in expanded form,6000 + 500 + 3,Expanded,hard,fill_in_one,
777,A watch costs $180. With a 35% discount what's the sale price?,$117,Percent Discount,hard,fill_in_one,
778,If a price decreases from 500 to 400 what's the percent decrease?,20%,Percent Increase or Decrease,hard,fill_in_one,
779,What is 8/9 of 81?,72,Fraction Of,hard,fill_in_one,
780,What is 88% of 150?,132,Percent Of,hard,fill_in_one,
781,Is 105 divisible by 15?,Yes,Divisibility Rules,hard,multiple_choice,Yes|No
782,What is the absolute value of -84.6?,84.6,Absolute Value,hard,fill_in_one,
783,Solve: 11x - 23 = 54,7,Algebraic Solving,hard,algebra,
784,Subtract: 13/15 - 7/12,17/60,Addition and Subtraction Fractions,hard,fill_in_one,
785,What is 1248 + 967?,2215,Addition Whole Numbers,hard,fill_in_one,
786,Simplify: 48v - 29v + 21v,40v,Algebraic Simplification,hard,algebra,
787,What is the complement of a 38° angle?,52°,Acute,hard,multiple_choice,52°|38°|142°|322°
788,Find the area of a circle with radius 20 cm. Use π = 3.14,1256,Area Circle,hard,fill_in_one,
789,Calculate: (-42) + 35,-7,Addition and Subtraction Integers,hard,fill_in_one,
790,What is 29.8 + 24.7?,54.5,Addition and Subtraction Positive Decimals,hard,fill_in_one,
791,What is the measure of each interior angle of a regular hexagon?,120°,Angles on Parallel Lines Cut by a Transversal,hard,multiple_choice,120°|108°|135°|144°
792,Find the area of a rectangle with length 55 m and width 38 m,2090,Area Rectangle,hard,fill_in_one,
793,What is the area of a triangle with base 48 ft and height 30 ft?,720,Area Triangle,hard,fill_in_one,
794,Find the area of a parallelogram with base 56 cm and height 35 cm,1960,Area Parallelogram,hard,fill_in_one,
795,Calculate the area of a trapezoid with bases 42 m and 58 m and height 40 m,2000,Area Trapezoid,hard,fill_in_one,
796,What is the greatest common factor of 96 and 120?,24,Greatest Common Factor,hard,multiple_choice,24|12|16|48
797,Solve: 21x + 14 = 18x + 41,9,Equation Solving More Than Two Steps,hard,algebra,
798,What is 55% of 220?,121,Finding Percents,hard,fill_in_one,
799,Find the slope of the line passing through points (7 13) and (13 25),2,Finding Slope from Ordered Pairs,hard,fill_in_one,
800,What is the circumference of a circle with radius 25 cm? Use π = 3.14,157,Circumference,hard,fill_in_one,
801,Multiply: 11/24 × 18/33,1/4,Multiplication Fractions,hard,fill_in_one,
802,What is 68 × 49?,3332,Multiplication Whole Numbers,hard,fill_in_one,
803,Calculate: (-28) × (-19),532,Multiplication and Division Integers,hard,fill_in_one,
804,What is 9.6 × 7.8?,74.88,Multiplication and Division Positive Decimals,hard,fill_in_one,
805,Divide: 15/22 ÷ 25/33,9/10,Division Fractions,hard,fill_in_one,
806,What is 756 ÷ 42?,18,Division Whole Numbers,hard,fill_in_one,
807,Solve for t: t + 47 = 85,38,Equation Solving Two or Fewer Steps,hard,algebra,
808,Which fraction is equivalent to 24/32?,3/4,Equivalent Fractions,hard,multiple_choice,3/4|2/3|4/5|5/6
809,What is the least common multiple of 32 and 48?,96,Least Common Multiple,hard,multiple_choice,96|80|64|1536
810,Convert 27/50 to a decimal,0.54,Conversion of Fraction Decimals Percents,hard,fill_in_one,
811,What is the square root of 289?,17,Square Root,hard,fill_in_one,
812,Simplify: (21x)(8x),168x²,Multiplying Monomials,hard,algebra,
813,If a circle has area 78.5 cm² what is its radius? Use π = 3.14,5,Definition Pi,hard,multiple_choice,5|10|2.5|25
814,Apply the distributive property: 16(4t + 7),64t + 112,Distributive Property,hard,algebra,
815,What is 18²?,324,Exponent,hard,fill_in_one,
816,Find the mean of: 28 35 42 49 56,42,Mean,hard,fill_in_one,
817,What is the median of: 15 30 45 60 75 90?,52.5,Median,hard,multiple_choice,52.5|45|60|55
818,Find the mode of: 24 26 24 28 24 30,24,Mode,medium,fill_in_one,
819,What is the range of: 85 92 99 106 113?,28,Range,hard,fill_in_one,
820,Express 21/25 as a percent,84%,Percents,hard,fill_in_one,
821,Find the perimeter of a square with side length 17 cm,68,Perimeter of a Polygon,hard,fill_in_one,
822,What is 19²?,361,Exponents,hard,multiple_choice,361|38|57|76
823,Factor: x² + 18x + 77,(x + 7)(x + 11),Factoring Trinomials,hard,algebra,
824,Combine like terms: 56a + 42b - 23a + 18b,33a + 60b,Combining Like Terms,hard,algebra,
825,What is the multiplicative identity?,1,Commutative Property,hard,multiple_choice,1|0|-1|∞
826,Two angles are complementary. If one is 49° what is the other?,41°,Complementary and Supplementary Angles,hard,fill_in_one,
827,Order from least to greatest: 7/8 5/6 11/12,5/6 7/8 11/12,Ordering Fractions,hard,fill_in_one,
828,Order from least to greatest: -32 24 -15 12,-32 -15 12 24,Ordering Integers,hard,fill_in_one,
829,Order from least to greatest: 0.925 0.92 0.93,0.92 0.925 0.93,Ordering Positive Decimals,hard,fill_in_one,
830,What is the coefficient in the term 72abc?,72,Coefficient,hard,fill_in_one,
831,How many different ways can 8 people sit around a circular table?,5040,Combinatorics,hard,multiple_choice,5040|40320|8|56
832,Calculate: 84 ÷ 12 + 7 × 6,49,Order of Operations +,hard,fill_in_one,
833,Calculate: 12² - 9 × (11 - 6),99,Order of Operations All,hard,fill_in_one,
834,What is the sum of interior angles of a 30-sided polygon?,5040°,Interior Angles Figures with More than 3 Sides,hard,fill_in_one,
835,Is 59 a prime number?,Yes,Prime Number,hard,multiple_choice,Yes|No
836,What is the probability of drawing a black card from a standard deck?,1/2,Probability of a Single Event,medium,fill_in_one,
837,Solve the proportion: 17/28 = 34/x,56,Proportion,hard,algebra,
838,Find the hypotenuse of a right triangle with legs 28 and 45,53,Pythagorean Theorem,hard,fill_in_one,
839,Solve: x² - 14x + 48 = 0,6 or 8,Quadratic Equation Solving,hard,algebra,
840,What is the rate for 1680 pages in 21 hours?,80 pages/hour,Rate,hard,fill_in_one,
841,Convert 9 meters to centimeters,900,Unit Conversion Within a System,hard,fill_in_one,
842,What is the unit rate for $126 for 18 tickets?,$7 per ticket,Unit Rate,hard,fill_in_one,
843,What is the degree of the polynomial 7x⁶ + 3x⁴ - 2x + 5?,6,Variable,hard,multiple_choice,6|7|4|5
844,What is the volume of a rectangular prism with dimensions 15×12×9?,1620,Volume Rectangular Prism,hard,fill_in_one,
845,Find the volume of a cylinder with radius 14 and height 22. Use π = 3.14,13564.48,Volume Cylinder,hard,fill_in_one,
846,What is the volume of a sphere with radius 25? Use π = 3.14,65416.67,Volume Sphere,hard,fill_in_one,
847,Calculate the surface area of a rectangular prism with dimensions 8×12×15,792,Surface Area Rectangular Prism,hard,fill_in_one,
848,What is 189 - 156?,33,Subtraction Whole Numbers,hard,fill_in_one,
849,Substitute k = 22 into 5k - 67,43,Substitution,hard,fill_in_one,
850,How many terms are in the expression 4x³ + 7x² - 2x + 9?,4,Monomial,hard,multiple_choice,4|3|7|9
851,Find the slope of the line y = (5/6)x - 8,5/6,Finding Slope From Equation,hard,fill_in_one,
852,What is the y-intercept of y = -9x + 27?,27,Finding y-intercept from Linear Equation,hard,fill_in_one,
853,Estimate 1234 ÷ 62 to the nearest whole number,20,Estimation,hard,fill_in_one,
854,Write 8706 in expanded form,8000 + 700 + 6,Expanded,hard,fill_in_one,
855,A camera costs $320. With a 30% discount what's the sale price?,$224,Percent Discount,hard,fill_in_one,
856,If enrollment increases from 480 to 600 what's the percent increase?,25%,Percent Increase or Decrease,hard,fill_in_one,
857,What is 9/11 of 77?,63,Fraction Of,hard,fill_in_one,
858,What is 92% of 175?,161,Percent Of,hard,fill_in_one,
859,Is 112 divisible by 14?,Yes,Divisibility Rules,hard,multiple_choice,Yes|No
860,What is the absolute value of -97.3?,97.3,Absolute Value,hard,fill_in_one,
861,Solve: 13x + 29 = 81,4,Algebraic Solving,hard,algebra,
862,Add: 11/18 + 5/12,31/36,Addition and Subtraction Fractions,hard,fill_in_one,
863,What is 1567 + 1348?,2915,Addition Whole Numbers,hard,fill_in_one,
864,Simplify: 64u - 38u + 27u,53u,Algebraic Simplification,hard,algebra,
865,What is the supplement of a 63° angle?,117°,Acute,hard,multiple_choice,117°|63°|27°|297°
866,Find the area of a circle with diameter 30 cm. Use π = 3.14,706.5,Area Circle,hard,fill_in_one,
867,Calculate: (-48) + 39,-9,Addition and Subtraction Integers,hard,fill_in_one,
868,What is 36.9 + 28.4?,65.3,Addition and Subtraction Positive Decimals,hard,fill_in_one,
869,What is the measure of each exterior angle of a regular pentagon?,72°,Angles on Parallel Lines Cut by a Transversal,hard,multiple_choice,72°|108°|60°|90°
870,Find the area of a rectangle with length 64 ft and width 45 ft,2880,Area Rectangle,hard,fill_in_one,
871,What is the area of a triangle with base 56 m and height 42 m?,1176,Area Triangle,hard,fill_in_one,
872,Find the area of a parallelogram with base 63 cm and height 48 cm,3024,Area Parallelogram,hard,fill_in_one,
873,Calculate the area of a trapezoid with bases 48 ft and 72 ft and height 50 ft,3000,Area Trapezoid,hard,fill_in_one,
874,What is the greatest common factor of 108 and 144?,36,Greatest Common Factor,hard,multiple_choice,36|18|24|72
875,Solve: 24x - 17 = 21x + 34,17,Equation Solving More Than Two Steps,hard,algebra,
876,What is 65% of 280?,182,Finding Percents,hard,fill_in_one,
877,Find the slope of the line passing through points (8 15) and (14 27),2,Finding Slope from Ordered Pairs,hard,fill_in_one,
878,What is the circumference of a circle with diameter 35 cm? Use π = 3.14,109.9,Circumference,hard,fill_in_one,
879,Multiply: 13/28 × 21/39,1/4,Multiplication Fractions,hard,fill_in_one,
880,What is 84 × 67?,5628,Multiplication Whole Numbers,hard,fill_in_one,
881,Calculate: (-36) × (-24),864,Multiplication and Division Integers,hard,fill_in_one,
882,What is 12.7 × 8.9?,113.03,Multiplication and Division Positive Decimals,hard,fill_in_one,
883,Divide: 17/30 ÷ 34/45,3/4,Division Fractions,hard,fill_in_one,
884,What is 912 ÷ 57?,16,Division Whole Numbers,hard,fill_in_one,
885,Solve for u: u - 54 = 28,82,Equation Solving Two or Fewer Steps,hard,algebra,
886,Which fraction is equivalent to 27/36?,3/4,Equivalent Fractions,hard,multiple_choice,3/4|2/3|4/5|5/6
887,What is the least common multiple of 36 and 54?,108,Least Common Multiple,hard,multiple_choice,108|90|72|1944
888,Convert 31/40 to a decimal,0.775,Conversion of Fraction Decimals Percents,hard,fill_in_one,
889,What is the square root of 324?,18,Square Root,hard,fill_in_one,
890,Simplify: (24y)(9y),216y²,Multiplying Monomials,hard,algebra,
891,What is the formula for the area of a circle in terms of diameter?,π(d/2)²,Definition Pi,hard,multiple_choice,π(d/2)²|πd²|πd|d²
892,Apply the distributive property: 18(7v - 6),126v - 108,Distributive Property,hard,algebra,
893,What is 20²?,400,Exponent,hard,fill_in_one,
894,Find the mean of: 32 40 48 56 64,48,Mean,hard,fill_in_one,
895,What is the median of: 17 34 51 68 85 102?,59.5,Median,hard,multiple_choice,59.5|51|68|60
896,Find the mode of: 27 29 27 31 27 33,27,Mode,medium,fill_in_one,
897,What is the range of: 105 112 119 126 133?,28,Range,hard,fill_in_one,
898,Express 23/25 as a percent,92%,Percents,hard,fill_in_one,
899,Find the perimeter of a pentagon with all sides equal to 14 cm,70,Perimeter of a Polygon,hard,fill_in_one,
900,What is 21²?,441,Exponents,hard,multiple_choice,441|42|63|84
901,Factor: x² - 64,(x + 8)(x - 8),Factoring Trinomials,hard,algebra,
902,Combine like terms: 72p + 58q - 29p + 23q,43p + 81q,Combining Like Terms,hard,algebra,
903,What is the additive identity?,0,Commutative Property,hard,multiple_choice,0|1|-1|∞
904,Two angles are supplementary. If one is 124° what is the other?,56°,Complementary and Supplementary Angles,hard,fill_in_one,
905,Order from least to greatest: 8/9 7/8 15/16,7/8 8/9 15/16,Ordering Fractions,hard,fill_in_one,
906,Order from least to greatest: -45 36 -28 18,-45 -28 18 36,Ordering Integers,hard,fill_in_one,
907,Order from least to greatest: 0.975 0.97 0.98,0.97 0.975 0.98,Ordering Positive Decimals,hard,fill_in_one,
908,What is the coefficient in the term -84mnp?,-84,Coefficient,hard,fill_in_one,
909,How many ways can you select 3 items from 10 items?,120,Combinatorics,hard,multiple_choice,120|30|1000|720
910,Calculate: 96 - 48 ÷ 8,90,Order of Operations +,hard,fill_in_one,
911,Calculate: 13² - 12 × (8 + 4),25,Order of Operations All,hard,fill_in_one,
912,What is the sum of interior angles of a 50-sided polygon?,8640°,Interior Angles Figures with More than 3 Sides,hard,fill_in_one,
913,Is 61 a prime number?,Yes,Prime Number,hard,multiple_choice,Yes|No
914,What is the probability of rolling a number greater than 4 on a standard die?,1/3,Probability of a Single Event,hard,fill_in_one,
915,Solve the proportion: 19/38 = x/76,38,Proportion,hard,algebra,
916,Find the missing leg of a right triangle with hypotenuse 37 and one leg 35,12,Pythagorean Theorem,hard,fill_in_one,
917,Solve: x² + 20x + 96 = 0,-8 or -12,Quadratic Equation Solving,hard,algebra,
918,What is the rate for 2100 kilometers in 25 hours?,84 km/h,Rate,hard,fill_in_one,
919,Convert 12 yards to feet,36,Unit Conversion Within a System,hard,fill_in_one,
920,What is the unit rate for $168 for 24 hours?,$7 per hour,Unit Rate,hard,fill_in_one,
921,What is the leading coefficient of 9x⁷ + 4x⁵ - 3x² + 1?,9,Variable,hard,multiple_choice,9|7|4|1
922,What is the volume of a cube with side length 13?,2197,Volume Rectangular Prism,hard,fill_in_one,
923,Find the volume of a cylinder with radius 16 and height 28. Use π = 3.14,22527.36,Volume Cylinder,hard,fill_in_one,
924,What is the volume of a sphere with radius 30? Use π = 3.14,113040,Volume Sphere,hard,fill_in_one,
925,Calculate the surface area of a cube with side length 12,864,Surface Area Rectangular Prism,hard,fill_in_one,
926,What is 213 - 187?,26,Subtraction Whole Numbers,hard,fill_in_one,
927,Substitute m = 25 into 4m - 78,22,Substitution,hard,fill_in_one,
928,What is the degree of the monomial 8x⁴?,4,Monomial,hard,multiple_choice,4|8|1|12
929,Find the slope of the line y = -8x + 15,-8,Finding Slope From Equation,hard,fill_in_one,
930,What is the y-intercept of y = (3/5)x + 12?,12,Finding y-intercept from Linear Equation,hard,fill_in_one,
931,Estimate 1876 + 2349 + 1567 to the nearest thousand,6000,Estimation,hard,fill_in_one,
932,Write 7024 in expanded form,7000 + 20 + 4,Expanded,hard,fill_in_one,
933,A tablet costs $480. With a 40% discount what's the sale price?,$288,Percent Discount,hard,fill_in_one,
934,If a score decreases from 95 to 76 what's the percent decrease?,20%,Percent Increase or Decrease,hard,fill_in_one,
935,What is 11/13 of 91?,77,Fraction Of,hard,fill_in_one,
936,What is 96% of 225?,216,Percent Of,hard,fill_in_one,
937,Is 119 divisible by 17?,Yes,Divisibility Rules,hard,multiple_choice,Yes|No
938,What is the absolute value of -108.7?,108.7,Absolute Value,hard,fill_in_one,
939,Solve: 15x - 34 = 86,8,Algebraic Solving,hard,algebra,
940,Subtract: 17/20 - 9/16,23/80,Addition and Subtraction Fractions,hard,fill_in_one,
941,What is 1789 + 1456?,3245,Addition Whole Numbers,hard,fill_in_one,
942,Simplify: 85s - 47s + 34s,72s,Algebraic Simplification,hard,algebra,
943,What is the complement of a 57° angle?,33°,Acute,hard,multiple_choice,33°|57°|123°|303°
944,Find the area of a circle with radius 25 cm. Use π = 3.14,1962.5,Area Circle,hard,fill_in_one,
945,Calculate: (-56) + 47,-9,Addition and Subtraction Integers,hard,fill_in_one,
946,What is 45.6 + 37.8?,83.4,Addition and Subtraction Positive Decimals,hard,fill_in_one,
947,What type of angles are formed by two intersecting lines?,Vertical angles,Angles on Parallel Lines Cut by a Transversal,hard,multiple_choice,Vertical angles|Parallel angles|Perpendicular angles|Adjacent angles
948,Find the area of a rectangle with length 75 m and width 56 m,4200,Area Rectangle,hard,fill_in_one,
949,What is the area of a triangle with base 64 ft and height 48 ft?,1536,Area Triangle,hard,fill_in_one,
950,Find the area of a parallelogram with base 72 cm and height 55 cm,3960,Area Parallelogram,hard,fill_in_one,
951,Calculate the area of a trapezoid with bases 56 m and 84 m and height 60 m,4200,Area Trapezoid,hard,fill_in_one,
952,What is the greatest common factor of 120 and 168?,24,Greatest Common Factor,hard,multiple_choice,24|12|30|40
953,Solve: 27x + 19 = 24x + 58,13,Equation Solving More Than Two Steps,hard,algebra,
954,What is 75% of 320?,240,Finding Percents,hard,fill_in_one,
955,Find the slope of the line passing through points (9 17) and (15 29),2,Finding Slope from Ordered Pairs,hard,fill_in_one,
956,What is the circumference of a circle with radius 28 cm? Use π = 3.14,175.84,Circumference,hard,fill_in_one,
957,Multiply: 15/32 × 24/45,1/4,Multiplication Fractions,hard,fill_in_one,
958,What is 96 × 78?,7488,Multiplication Whole Numbers,hard,fill_in_one,
959,Calculate: (-45) × (-32),1440,Multiplication and Division Integers,hard,fill_in_one,
960,What is 14.8 × 9.7?,143.56,Multiplication and Division Positive Decimals,hard,fill_in_one,
961,Divide: 19/35 ÷ 38/55,3/4,Division Fractions,hard,fill_in_one,
962,What is 1088 ÷ 68?,16,Division Whole Numbers,hard,fill_in_one,
963,Solve for v: v + 67 = 105,38,Equation Solving Two or Fewer Steps,hard,algebra,
964,Which fraction is equivalent to 30/40?,3/4,Equivalent Fractions,hard,multiple_choice,3/4|2/3|4/5|5/6
965,What is the least common multiple of 40 and 60?,120,Least Common Multiple,hard,multiple_choice,120|100|80|2400
966,Convert 37/50 to a decimal,0.74,Conversion of Fraction Decimals Percents,hard,fill_in_one,
967,What is the square root of 361?,19,Square Root,hard,fill_in_one,
968,Simplify: (27a)(11a),297a²,Multiplying Monomials,hard,algebra,
969,What is the radius of a circle with circumference 62.8 cm? Use π = 3.14,10,Definition Pi,hard,multiple_choice,10|5|20|31.4
970,Apply the distributive property: 20(8u + 9),160u + 180,Distributive Property,hard,algebra,
971,What is 22²?,484,Exponent,hard,fill_in_one,
972,Find the mean of: 36 45 54 63 72,54,Mean,hard,fill_in_one,
973,What is the median of: 19 38 57 76 95 114?,66.5,Median,hard,multiple_choice,66.5|57|76|67
974,Find the mode of: 30 32 30 34 30 36,30,Mode,medium,fill_in_one,
975,What is the range of: 125 132 139 146 153?,28,Range,hard,fill_in_one,
976,Express 47/50 as a percent,94%,Percents,hard,fill_in_one,
977,Find the perimeter of a hexagon with all sides equal to 15 cm,90,Perimeter of a Polygon,hard,fill_in_one,
978,What is 23²?,529,Exponents,hard,multiple_choice,529|46|69|92
979,Factor: x² + 22x + 117,(x + 9)(x + 13),Factoring Trinomials,hard,algebra,
980,Combine like terms: 96x + 74y - 38x + 29y,58x + 103y,Combining Like Terms,hard,algebra,
981,What property is shown by a × (b × c) = (a × b) × c?,Associative Property,Commutative Property,hard,multiple_choice,Associative Property|Commutative Property|Distributive Property|Identity Property
982,Two angles are complementary. If one is 61° what is the other?,29°,Complementary and Supplementary Angles,hard,fill_in_one,
983,Order from least to greatest: 9/10 8/9 17/18,8/9 9/10 17/18,Ordering Fractions,hard,fill_in_one,
984,Order from least to greatest: -52 48 -35 24,-52 -35 24 48,Ordering Integers,hard,fill_in_one,
985,Order from least to greatest: 0.825 0.82 0.83,0.82 0.825 0.83,Ordering Positive Decimals,hard,fill_in_one,
986,What is the coefficient in the term 108xyz?,108,Coefficient,hard,fill_in_one,
987,How many 4-digit numbers can be formed using digits 1-9 without repetition?,3024,Combinatorics,hard,multiple_choice,3024|126|504|9999
988,Calculate: 108 ÷ 12 + 8 × 7,65,Order of Operations +,hard,fill_in_one,
989,Calculate: 14² - 15 × (12 - 7),121,Order of Operations All,hard,fill_in_one,
990,What is the sum of interior angles of a 100-sided polygon?,17640°,Interior Angles Figures with More than 3 Sides,hard,fill_in_one,
991,Is 67 a prime number?,Yes,Prime Number,hard,multiple_choice,Yes|No
992,What is the probability of getting two heads when flipping two coins?,1/4,Probability of Two Distinct Events,hard,fill_in_one,
993,Solve the proportion: 21/35 = 42/x,70,Proportion,hard,algebra,
994,Find the hypotenuse of a right triangle with legs 33 and 56,65,Pythagorean Theorem,hard,fill_in_one,
995,Solve: x² - 18x + 80 = 0,8 or 10,Quadratic Equation Solving,hard,algebra,
996,What is the rate for 2520 words in 28 minutes?,90 words/minute,Rate,hard,fill_in_one,
997,Convert 15 pounds to ounces,240,Unit Conversion Within a System,hard,fill_in_one,
998,What is the unit rate for $210 for 30 hours?,$7 per hour,Unit Rate,hard,fill_in_one,
999,How many variables are in the expression 5a³bc² + 7ab²c - 4ac + 9b?,3,Variable,hard,multiple_choice,3|4|5|7
1000,What is the volume of a rectangular prism with dimensions 18×15×12?,3240,Volume Rectangular Prism,hard,fill_in_one,id,question_text,answer,skill,difficulty,question_type,choices